state,county,AveDailyPM2.5-2014,Z-score
AL,Autauga,11.7,0.98
AL,Baldwin,10.3,-1.28
AL,Barbour,11.5,0.66
AL,Bibb,11.2,0.18
AL,Blount,11.7,0.98
AL,Bullock,11.2,0.18
AL,Butler,10.6,-0.79
AL,Calhoun,11.8,1.14
AL,Chambers,11.4,0.5
AL,Cherokee,11.4,0.5
AL,Chilton,11.2,0.18
AL,Choctaw,10.1,-1.6
AL,Clarke,10.4,-1.11
AL,Clay,10.6,-0.79
AL,Cleburne,11,-0.15
AL,Coffee,10.9,-0.31
AL,Colbert,10.7,-0.63
AL,Conecuh,10.3,-1.28
AL,Coosa,11,-0.15
AL,Covington,10.5,-0.95
AL,Crenshaw,10.7,-0.63
AL,Cullman,11.6,0.82
AL,Dale,11,-0.15
AL,Dallas,11.1,0.01
AL,DeKalb,11.3,0.34
AL,Elmore,11.9,1.3
AL,Escambia,10.2,-1.44
AL,Etowah,11.5,0.66
AL,Fayette,10.6,-0.79
AL,Franklin,10.5,-0.95
AL,Geneva,10.6,-0.79
AL,Greene,10.5,-0.95
AL,Hale,10.8,-0.47
AL,Henry,10.9,-0.31
AL,Houston,10.7,-0.63
AL,Jackson,11,-0.15
AL,Jefferson,13.4,3.72
AL,Lamar,10.3,-1.28
AL,Lauderdale,11,-0.15
AL,Lawrence,11.3,0.34
AL,Lee,12.1,1.63
AL,Limestone,11.8,1.14
AL,Lowndes,10.9,-0.31
AL,Macon,11.7,0.98
AL,Madison,11.6,0.82
AL,Marengo,10.6,-0.79
AL,Marion,10.5,-0.95
AL,Marshall,11.8,1.14
AL,Mobile,10.8,-0.47
AL,Monroe,10.4,-1.11
AL,Montgomery,11.9,1.3
AL,Morgan,11.6,0.82
AL,Perry,10.7,-0.63
AL,Pickens,10.5,-0.95
AL,Pike,11,-0.15
AL,Randolph,11,-0.15
AL,Russell,12.1,1.63
AL,Shelby,12,1.47
AL,St. Clair,12,1.47
AL,Sumter,10.4,-1.11
AL,Talladega,11.5,0.66
AL,Tallapoosa,11.4,0.5
AL,Tuscaloosa,11.3,0.34
AL,Walker,11.6,0.82
AL,Washington,10.1,-1.6
AL,Wilcox,10.4,-1.11
AL,Winston,11,-0.15
AZ,Apache,5.7,-0.61
AZ,Cochise,7.5,0.29
AZ,Coconino,5.6,-0.66
AZ,Gila,5.8,-0.56
AZ,Graham,6,-0.46
AZ,Greenlee,5.7,-0.61
AZ,La Paz,5.7,-0.61
AZ,Maricopa,10.6,1.85
AZ,Mohave,5.1,-0.91
AZ,Navajo,5.7,-0.61
AZ,Pima,7.9,0.49
AZ,Pinal,11.7,2.4
AZ,Santa Cruz,7.6,0.34
AZ,Yavapai,5.1,-0.91
AZ,Yuma,8,0.54
AR,Arkansas,10,-0.04
AR,Ashley,9.6,-1.05
AR,Baxter,9.7,-0.79
AR,Benton,10.4,0.97
AR,Boone,9.4,-1.55
AR,Bradley,9.8,-0.54
AR,Calhoun,9.7,-0.79
AR,Carroll,9.4,-1.55
AR,Chicot,10,-0.04
AR,Clark,10.1,0.21
AR,Clay,10.8,1.97
AR,Cleburne,10.1,0.21
AR,Cleveland,9.8,-0.54
AR,Columbia,9.8,-0.54
AR,Conway,10.2,0.46
AR,Craighead,10.8,1.97
AR,Crawford,10.3,0.71
AR,Crittenden,10.1,0.21
AR,Cross,10.2,0.46
AR,Dallas,9.9,-0.29
AR,Desha,10,-0.04
AR,Drew,9.8,-0.54
AR,Faulkner,10.6,1.47
AR,Franklin,9.8,-0.54
AR,Fulton,9.7,-0.79
AR,Garland,9.9,-0.29
AR,Grant,10,-0.04
AR,Greene,10.8,1.97
AR,Hempstead,10.1,0.21
AR,Hot Spring,10.2,0.46
AR,Howard,10,-0.04
AR,Independence,10.2,0.46
AR,Izard,9.8,-0.54
AR,Jackson,10.2,0.46
AR,Jefferson,10.4,0.97
AR,Johnson,9.8,-0.54
AR,Lafayette,9.7,-0.79
AR,Lawrence,10.4,0.97
AR,Lee,10.1,0.21
AR,Lincoln,10,-0.04
AR,Little River,10.1,0.21
AR,Logan,9.9,-0.29
AR,Lonoke,10.7,1.72
AR,Madison,9.2,-2.05
AR,Marion,9.4,-1.55
AR,Miller,10.1,0.21
AR,Mississippi,10.7,1.72
AR,Monroe,10.1,0.21
AR,Montgomery,9.5,-1.3
AR,Nevada,10,-0.04
AR,Newton,8.9,-2.81
AR,Ouachita,9.9,-0.29
AR,Perry,10,-0.04
AR,Phillips,10.2,0.46
AR,Pike,9.8,-0.54
AR,Poinsett,10.5,1.22
AR,Polk,9.4,-1.55
AR,Pope,10.2,0.46
AR,Prairie,10.2,0.46
AR,Pulaski,10.8,1.97
AR,Randolph,10.2,0.46
AR,Saline,10.6,1.47
AR,Scott,9.4,-1.55
AR,Searcy,9.3,-1.8
AR,Sebastian,10.6,1.47
AR,Sevier,9.9,-0.29
AR,Sharp,10,-0.04
AR,St. Francis,10.2,0.46
AR,Stone,9.6,-1.05
AR,Union,9.8,-0.54
AR,Van Buren,9.8,-0.54
AR,Washington,9.9,-0.29
AR,White,10.5,1.22
AR,Woodruff,10.1,0.21
AR,Yell,10.1,0.21
CA,Alameda,10.4,0.09
CA,Alpine,5.6,-1.56
CA,Amador,8.9,-0.43
CA,Butte,8.9,-0.43
CA,Calaveras,9,-0.39
CA,Colusa,8.7,-0.49
CA,Contra Costa,11.6,0.5
CA,Del Norte,8.5,-0.56
CA,El Dorado,9.3,-0.29
CA,Fresno,15.3,1.78
CA,Glenn,9.1,-0.36
CA,Humboldt,8.8,-0.46
CA,Imperial,13.5,1.16
CA,Inyo,7.3,-0.98
CA,Kern,19.7,3.29
CA,Kings,16.7,2.26
CA,Lake,6.9,-1.11
CA,Lassen,7.4,-0.94
CA,Los Angeles,14.2,1.4
CA,Madera,14,1.33
CA,Marin,10.3,0.06
CA,Mariposa,9.2,-0.32
CA,Mendocino,8.8,-0.46
CA,Merced,12,0.64
CA,Modoc,6.6,-1.22
CA,Mono,6.1,-1.39
CA,Monterey,6.7,-1.18
CA,Napa,10.6,0.16
CA,Nevada,8.1,-0.7
CA,Orange,10.6,0.16
CA,Placer,10.5,0.13
CA,Plumas,9.9,-0.08
CA,Riverside,14.8,1.61
CA,Sacramento,9.1,-0.36
CA,San Benito,6.2,-1.35
CA,San Bernardino,14.9,1.64
CA,San Diego,10.4,0.09
CA,San Francisco,9.8,-0.12
CA,San Joaquin,11.9,0.61
CA,San Luis Obispo,10.5,0.13
CA,San Mateo,9.2,-0.32
CA,Santa Barbara,10.2,0.02
CA,Santa Clara,8.9,-0.43
CA,Santa Cruz,7.5,-0.91
CA,Shasta,8.4,-0.6
CA,Sierra,6.7,-1.18
CA,Siskiyou,9.6,-0.18
CA,Solano,11,0.3
CA,Sonoma,10.1,-0.01
CA,Stanislaus,12.3,0.74
CA,Sutter,9.4,-0.25
CA,Tehama,8.7,-0.49
CA,Trinity,7.8,-0.8
CA,Tulare,17.8,2.64
CA,Tuolumne,8.9,-0.43
CA,Ventura,11.2,0.37
CA,Yolo,9.8,-0.12
CA,Yuba,9.6,-0.18
CO,Adams,9.2,2.8
CO,Alamosa,4.6,-0.65
CO,Arapahoe,8.1,1.97
CO,Archuleta,4.4,-0.8
CO,Baca,5.6,0.1
CO,Bent,5.4,-0.05
CO,Boulder,7.7,1.67
CO,Broomfield,8.5,2.27
CO,Chaffee,4.2,-0.95
CO,Cheyenne,5.8,0.25
CO,Clear Creek,4.6,-0.65
CO,Conejos,4.4,-0.8
CO,Costilla,4.2,-0.95
CO,Crowley,5.4,-0.05
CO,Custer,4.2,-0.95
CO,Delta,5.3,-0.13
CO,Denver,8.2,2.05
CO,Dolores,4.4,-0.8
CO,Douglas,7,1.15
CO,Eagle,4.2,-0.95
CO,El Paso,6.1,0.47
CO,Elbert,6.2,0.55
CO,Fremont,5,-0.35
CO,Garfield,5.1,-0.28
CO,Gilpin,4.6,-0.65
CO,Grand,4.1,-1.03
CO,Gunnison,4.2,-0.95
CO,Hinsdale,3.8,NR
CO,Huerfano,4.4,-0.8
CO,Jackson,3.4,NR
CO,Jefferson,8.4,2.2
CO,Kiowa,5.8,0.25
CO,Kit Carson,6.1,0.47
CO,La Plata,5,-0.35
CO,Lake,3.9,-1.18
CO,Larimer,6.6,0.85
CO,Las Animas,4.8,-0.5
CO,Lincoln,5.5,0.02
CO,Logan,5.7,0.17
CO,Mesa,6.4,0.7
CO,Mineral,3.8,NR
CO,Moffat,4.3,-0.88
CO,Montezuma,5.1,-0.28
CO,Montrose,5,-0.35
CO,Morgan,6.3,0.62
CO,Otero,5.7,0.17
CO,Ouray,4.1,-1.03
CO,Park,4.5,-0.73
CO,Phillips,5.9,0.32
CO,Pitkin,4,-1.1
CO,Prowers,6.4,0.7
CO,Pueblo,6,0.4
CO,Rio Blanco,5.7,0.17
CO,Rio Grande,4.4,-0.8
CO,Routt,3.9,-1.18
CO,Saguache,4.1,-1.03
CO,San Juan,4,NR
CO,San Miguel,4.6,-0.65
CO,Sedgwick,5.7,0.17
CO,Summit,4.1,-1.03
CO,Teller,5,-0.35
CO,Washington,5.7,0.17
CO,Weld,8.6,2.35
CO,Yuma,5.9,0.32
CT,Fairfield,10,2.12
CT,Hartford,7.6,-0.71
CT,Litchfield,7.9,-0.35
CT,Middlesex,8.6,0.47
CT,New Haven,8.4,0.24
CT,New London,7.8,-0.47
CT,Tolland,8.1,-0.12
CT,Windham,7.2,-1.18
DE,Kent,9.3,-0.46
DE,New Castle,10,1.15
DE,Sussex,9.2,-0.69
DC,District of Columbia,9.7,0
FL,Alachua,8.3,-0.08
FL,Baker,8.4,0.01
FL,Bay,9.8,1.29
FL,Bradford,8.1,-0.26
FL,Brevard,7.3,-0.99
FL,Broward,6.6,-1.63
FL,Calhoun,9.7,1.2
FL,Charlotte,7.7,-0.63
FL,Citrus,8.1,-0.26
FL,Clay,8.6,0.19
FL,Collier,7.7,-0.63
FL,Columbia,8.8,0.38
FL,DeSoto,7.5,-0.81
FL,Dixie,8.1,-0.26
FL,Duval,8.5,0.1
FL,Escambia,9.9,1.38
FL,Flagler,7.5,-0.81
FL,Franklin,9.1,0.65
FL,Gadsden,10.6,2.02
FL,Gilchrist,8.2,-0.17
FL,Glades,7.1,-1.17
FL,Gulf,9.1,0.65
FL,Hamilton,9.2,0.74
FL,Hardee,7.6,-0.72
FL,Hendry,7.3,-0.99
FL,Hernando,8.3,-0.08
FL,Highlands,7.5,-0.81
FL,Hillsborough,7.1,-1.17
FL,Holmes,10.1,1.56
FL,Indian River,7,-1.26
FL,Jackson,10.5,1.92
FL,Jefferson,10,1.47
FL,Lafayette,8.7,0.28
FL,Lake,8.2,-0.17
FL,Lee,7.6,-0.72
FL,Leon,10.5,1.92
FL,Levy,8.2,-0.17
FL,Liberty,9.3,0.83
FL,Madison,9.7,1.2
FL,Manatee,8.1,-0.26
FL,Marion,8.5,0.1
FL,Martin,7.1,-1.17
FL,Miami-Dade,7.2,-1.08
FL,Monroe,8,-0.35
FL,Nassau,8.9,0.47
FL,Okaloosa,10.1,1.56
FL,Okeechobee,7.1,-1.17
FL,Orange,6.9,-1.36
FL,Osceola,8.1,-0.26
FL,Palm Beach,5.9,-2.27
FL,Pasco,8.6,0.19
FL,Pinellas,6.8,-1.45
FL,Polk,8.3,-0.08
FL,Putnam,8,-0.35
FL,Santa Rosa,10.1,1.56
FL,Sarasota,7.8,-0.54
FL,Seminole,7.7,-0.63
FL,St. Johns,8.4,0.01
FL,St. Lucie,7,-1.26
FL,Sumter,8.3,-0.08
FL,Suwannee,9.1,0.65
FL,Taylor,9,0.56
FL,Union,8.1,-0.26
FL,Volusia,7.6,-0.72
FL,Wakulla,9.7,1.2
FL,Walton,10.1,1.56
FL,Washington,10,1.47
GA,Appling,10.6,-0.22
GA,Atkinson,10.4,-0.54
GA,Bacon,10.4,-0.54
GA,Baker,10.8,0.1
GA,Baldwin,11.4,1.07
GA,Banks,10.4,-0.54
GA,Barrow,11.1,0.58
GA,Bartow,11.2,0.75
GA,Ben Hill,10.7,-0.06
GA,Berrien,10.8,0.1
GA,Bibb,11.3,0.91
GA,Bleckley,11,0.42
GA,Brantley,9.5,-1.99
GA,Brooks,10.7,-0.06
GA,Bryan,10.3,-0.7
GA,Bulloch,10.6,-0.22
GA,Burke,11,0.42
GA,Butts,11.3,0.91
GA,Calhoun,10.6,-0.22
GA,Camden,9,-2.8
GA,Candler,10.5,-0.38
GA,Carroll,11.1,0.58
GA,Catoosa,11,0.42
GA,Charlton,8.9,-2.96
GA,Chatham,9.9,-1.35
GA,Chattahoochee,11.5,1.23
GA,Chattooga,10.9,0.26
GA,Cherokee,11.2,0.75
GA,Clarke,11,0.42
GA,Clay,10.5,-0.38
GA,Clayton,11.5,1.23
GA,Clinch,9.6,-1.83
GA,Cobb,10.5,-0.38
GA,Coffee,10.8,0.1
GA,Colquitt,11,0.42
GA,Columbia,11.2,0.75
GA,Cook,10.7,-0.06
GA,Coweta,11.3,0.91
GA,Crawford,11.4,1.07
GA,Crisp,11,0.42
GA,Dade,10.5,-0.38
GA,Dawson,10,-1.19
GA,Decatur,10.9,0.26
GA,DeKalb,10.2,-0.86
GA,Dodge,11.1,0.58
GA,Dooly,11.2,0.75
GA,Dougherty,10.7,-0.06
GA,Douglas,11.4,1.07
GA,Early,10.8,0.1
GA,Echols,9.5,-1.99
GA,Effingham,10.4,-0.54
GA,Elbert,10.6,-0.22
GA,Emanuel,10.7,-0.06
GA,Evans,10.4,-0.54
GA,Fannin,9.4,-2.15
GA,Fayette,11.5,1.23
GA,Floyd,10.9,0.26
GA,Forsyth,11.2,0.75
GA,Franklin,10.5,-0.38
GA,Fulton,12,2.03
GA,Gilmer,9.9,-1.35
GA,Glascock,10.6,-0.22
GA,Glynn,8.9,-2.96
GA,Gordon,11,0.42
GA,Grady,11.1,0.58
GA,Greene,11.1,0.58
GA,Gwinnett,11.2,0.75
GA,Habersham,9.7,-1.67
GA,Hall,10.5,-0.38
GA,Hancock,10.9,0.26
GA,Haralson,10.7,-0.06
GA,Harris,11.3,0.91
GA,Hart,10.6,-0.22
GA,Heard,10.8,0.1
GA,Henry,11.7,1.55
GA,Houston,11.3,0.91
GA,Irwin,10.6,-0.22
GA,Jackson,11,0.42
GA,Jasper,11.3,0.91
GA,Jeff Davis,10.6,-0.22
GA,Jefferson,11,0.42
GA,Jenkins,10.4,-0.54
GA,Johnson,10.8,0.1
GA,Jones,11.6,1.39
GA,Lamar,11.2,0.75
GA,Lanier,10.1,-1.03
GA,Laurens,11.2,0.75
GA,Lee,11.2,0.75
GA,Liberty,10.2,-0.86
GA,Lincoln,10.4,-0.54
GA,Long,10.2,-0.86
GA,Lowndes,10.4,-0.54
GA,Lumpkin,9.6,-1.83
GA,Macon,11.4,1.07
GA,Madison,10.9,0.26
GA,Marion,11,0.42
GA,McDuffie,10.9,0.26
GA,McIntosh,9.4,-2.15
GA,Meriwether,11,0.42
GA,Miller,10.6,-0.22
GA,Mitchell,11.1,0.58
GA,Monroe,11.5,1.23
GA,Montgomery,10.7,-0.06
GA,Morgan,11.3,0.91
GA,Murray,10.5,-0.38
GA,Muscogee,11.9,1.87
GA,Newton,11.5,1.23
GA,Oconee,11.1,0.58
GA,Oglethorpe,10.9,0.26
GA,Paulding,10.7,-0.06
GA,Peach,11.5,1.23
GA,Pickens,10.2,-0.86
GA,Pierce,10.1,-1.03
GA,Pike,11.1,0.58
GA,Polk,10.9,0.26
GA,Pulaski,11,0.42
GA,Putnam,11.3,0.91
GA,Quitman,10.9,0.26
GA,Rabun,8.8,-3
GA,Randolph,10.7,-0.06
GA,Richmond,11.3,0.91
GA,Rockdale,11.6,1.39
GA,Schley,11.1,0.58
GA,Screven,10.4,-0.54
GA,Seminole,10.4,-0.54
GA,Spalding,11.3,0.91
GA,Stephens,9.8,-1.51
GA,Stewart,11,0.42
GA,Sumter,11.4,1.07
GA,Talbot,11,0.42
GA,Taliaferro,10.5,-0.38
GA,Tattnall,10.6,-0.22
GA,Taylor,11.2,0.75
GA,Telfair,10.8,0.1
GA,Terrell,10.9,0.26
GA,Thomas,11.2,0.75
GA,Tift,10.9,0.26
GA,Toombs,10.7,-0.06
GA,Towns,8.7,-3
GA,Treutlen,10.6,-0.22
GA,Troup,11.2,0.75
GA,Turner,10.7,-0.06
GA,Twiggs,11.2,0.75
GA,Union,9,-2.8
GA,Upson,11.2,0.75
GA,Walker,11,0.42
GA,Walton,11.4,1.07
GA,Ware,10.1,-1.03
GA,Warren,10.8,0.1
GA,Washington,10.8,0.1
GA,Wayne,10.2,-0.86
GA,Webster,10.9,0.26
GA,Wheeler,10.7,-0.06
GA,White,9.4,-2.15
GA,Whitfield,10.9,0.26
GA,Wilcox,10.9,0.26
GA,Wilkes,10.6,-0.22
GA,Wilkinson,11.3,0.91
GA,Worth,11,0.42
ID,Ada,10.6,1.83
ID,Adams,6.6,-0.71
ID,Bannock,6.7,-0.65
ID,Bear Lake,5.4,-1.47
ID,Benewah,9.5,1.13
ID,Bingham,7.4,-0.2
ID,Blaine,6.2,-0.97
ID,Boise,5.9,-1.16
ID,Bonner,10,1.45
ID,Bonneville,7.8,0.05
ID,Boundary,7.1,-0.39
ID,Butte,5.8,-1.22
ID,Camas,5.4,NR
ID,Canyon,10.7,1.89
ID,Caribou,5.9,-1.16
ID,Cassia,7.1,-0.39
ID,Clark,6.2,NR
ID,Clearwater,8.8,0.68
ID,Custer,5.9,-1.16
ID,Elmore,7.3,-0.27
ID,Franklin,5.9,-1.16
ID,Fremont,6.7,-0.65
ID,Gem,9.4,1.07
ID,Gooding,7.5,-0.14
ID,Idaho,8.9,0.75
ID,Jefferson,7.8,0.05
ID,Jerome,7.9,0.11
ID,Kootenai,11.8,2.59
ID,Latah,9.3,1
ID,Lemhi,9,0.81
ID,Lewis,8.5,0.49
ID,Lincoln,6.6,-0.71
ID,Madison,7.4,-0.2
ID,Minidoka,7.4,-0.2
ID,Nez Perce,9,0.81
ID,Oneida,6,-1.09
ID,Owyhee,8,0.18
ID,Payette,9.2,0.94
ID,Power,6.5,-0.77
ID,Shoshone,9.7,1.26
ID,Teton,5.4,-1.47
ID,Twin Falls,7.6,-0.08
ID,Valley,6.6,-0.71
ID,Washington,7.5,-0.14
IL,Adams,10.7,-1.23
IL,Alexander,11.3,-0.29
IL,Bond,11.3,-0.29
IL,Boone,11.4,-0.14
IL,Brown,10.3,-1.86
IL,Bureau,11.5,0.02
IL,Calhoun,10.8,-1.08
IL,Carroll,10.7,-1.23
IL,Cass,10.8,-1.08
IL,Champaign,11.8,0.49
IL,Christian,11.5,0.02
IL,Clark,11.4,-0.14
IL,Clay,11.6,0.18
IL,Clinton,11.6,0.18
IL,Coles,11.6,0.18
IL,Cook,15,5.51
IL,Crawford,11.7,0.34
IL,Cumberland,11.6,0.18
IL,De Witt,11.5,0.02
IL,DeKalb,12.1,0.96
IL,Douglas,11.5,0.02
IL,DuPage,13.2,2.69
IL,Edgar,11.3,-0.29
IL,Edwards,11.7,0.34
IL,Effingham,11.8,0.49
IL,Fayette,11.5,0.02
IL,Ford,11.5,0.02
IL,Franklin,11.7,0.34
IL,Fulton,11.2,-0.45
IL,Gallatin,11.4,-0.14
IL,Greene,10.8,-1.08
IL,Grundy,12,0.81
IL,Hamilton,11.3,-0.29
IL,Hancock,10.8,-1.08
IL,Hardin,11.1,-0.61
IL,Henderson,10.7,-1.23
IL,Henry,11.3,-0.29
IL,Iroquois,11.7,0.34
IL,Jackson,11.5,0.02
IL,Jasper,11.6,0.18
IL,Jefferson,11.6,0.18
IL,Jersey,11,-0.76
IL,Jo Daviess,10.3,-1.86
IL,Johnson,11.2,-0.45
IL,Kane,12.8,2.06
IL,Kankakee,12.3,1.28
IL,Kendall,12.4,1.43
IL,Knox,11.1,-0.61
IL,Lake,12.6,1.75
IL,LaSalle,12,0.81
IL,Lawrence,11.8,0.49
IL,Lee,11.4,-0.14
IL,Livingston,11.6,0.18
IL,Logan,11.5,0.02
IL,Macon,11.8,0.49
IL,Macoupin,11.5,0.02
IL,Madison,12.6,1.75
IL,Marion,11.6,0.18
IL,Marshall,11.5,0.02
IL,Mason,11.2,-0.45
IL,Massac,11.2,-0.45
IL,McDonough,10.8,-1.08
IL,McHenry,12.1,0.96
IL,McLean,11.7,0.34
IL,Menard,11.1,-0.61
IL,Mercer,10.8,-1.08
IL,Monroe,11.3,-0.29
IL,Montgomery,11.4,-0.14
IL,Morgan,10.9,-0.92
IL,Moultrie,11.5,0.02
IL,Ogle,11.5,0.02
IL,Peoria,11.9,0.65
IL,Perry,11.4,-0.14
IL,Piatt,11.6,0.18
IL,Pike,10.6,-1.39
IL,Pope,11.1,-0.61
IL,Pulaski,11.1,-0.61
IL,Putnam,11.3,-0.29
IL,Randolph,11,-0.76
IL,Richland,11.7,0.34
IL,Rock Island,11,-0.76
IL,Saline,11.5,0.02
IL,Sangamon,11.5,0.02
IL,Schuyler,10.6,-1.39
IL,Scott,10.6,-1.39
IL,Shelby,11.6,0.18
IL,St. Clair,11.9,0.65
IL,Stark,11,-0.76
IL,Stephenson,10.7,-1.23
IL,Tazewell,12.1,0.96
IL,Union,11.2,-0.45
IL,Vermilion,11.6,0.18
IL,Wabash,11.8,0.49
IL,Warren,10.9,-0.92
IL,Washington,11.3,-0.29
IL,Wayne,11.6,0.18
IL,White,11.6,0.18
IL,Whiteside,11.2,-0.45
IL,Will,13.3,2.84
IL,Williamson,11.6,0.18
IL,Winnebago,11.5,0.02
IL,Woodford,11.9,0.65
IN,Adams,12.5,1.12
IN,Allen,12.6,1.28
IN,Bartholomew,11.2,-0.97
IN,Benton,11,-1.29
IN,Blackford,11.7,-0.17
IN,Boone,12,0.32
IN,Brown,10.8,-1.61
IN,Carroll,11.6,-0.33
IN,Cass,12,0.32
IN,Clark,12,0.32
IN,Clay,11.2,-0.97
IN,Clinton,11.5,-0.49
IN,Crawford,11.6,-0.33
IN,Daviess,12.1,0.48
IN,Dearborn,11.8,-0.01
IN,Decatur,11.4,-0.65
IN,DeKalb,12.4,0.96
IN,Delaware,11.5,-0.49
IN,Dubois,11.9,0.16
IN,Elkhart,13.1,2.08
IN,Fayette,11.2,-0.97
IN,Floyd,12,0.32
IN,Fountain,11.1,-1.13
IN,Franklin,11.4,-0.65
IN,Fulton,12,0.32
IN,Gibson,12.2,0.64
IN,Grant,12,0.32
IN,Greene,10.9,-1.45
IN,Hamilton,11.6,-0.33
IN,Hancock,11.9,0.16
IN,Harrison,12.3,0.8
IN,Hendricks,12.2,0.64
IN,Henry,11,-1.29
IN,Howard,11.6,-0.33
IN,Huntington,12.3,0.8
IN,Jackson,11.3,-0.81
IN,Jasper,12,0.32
IN,Jay,12.1,0.48
IN,Jefferson,11.3,-0.81
IN,Jennings,11.3,-0.81
IN,Johnson,12.1,0.48
IN,Knox,12.2,0.64
IN,Kosciusko,12.8,1.6
IN,LaGrange,12.7,1.44
IN,Lake,14.3,4.01
IN,LaPorte,12.4,0.96
IN,Lawrence,11.1,-1.13
IN,Madison,11.4,-0.65
IN,Marion,12.8,1.6
IN,Marshall,12.7,1.44
IN,Martin,11.4,-0.65
IN,Miami,12.1,0.48
IN,Monroe,10.4,-2.26
IN,Montgomery,11.3,-0.81
IN,Morgan,11.8,-0.01
IN,Newton,11.7,-0.17
IN,Noble,12.8,1.6
IN,Ohio,11.4,-0.65
IN,Orange,11.4,-0.65
IN,Owen,10.8,-1.61
IN,Parke,11.1,-1.13
IN,Perry,12.1,0.48
IN,Pike,12.3,0.8
IN,Porter,12.7,1.44
IN,Posey,12.1,0.48
IN,Pulaski,11.7,-0.17
IN,Putnam,11.2,-0.97
IN,Randolph,11.8,-0.01
IN,Ripley,11.4,-0.65
IN,Rush,11.3,-0.81
IN,Scott,11.4,-0.65
IN,Shelby,11.8,-0.01
IN,Spencer,12.1,0.48
IN,St. Joseph,12.8,1.6
IN,Starke,12.3,0.8
IN,Steuben,12,0.32
IN,Sullivan,11.5,-0.49
IN,Switzerland,11.3,-0.81
IN,Tippecanoe,10.9,-1.45
IN,Tipton,11.7,-0.17
IN,Union,11.2,-0.97
IN,Vanderburgh,12.5,1.12
IN,Vermillion,11.4,-0.65
IN,Vigo,11.3,-0.81
IN,Wabash,12.3,0.8
IN,Warren,10.9,-1.45
IN,Warrick,12.6,1.28
IN,Washington,11.5,-0.49
IN,Wayne,11.5,-0.49
IN,Wells,12.4,0.96
IN,White,11.7,-0.17
IN,Whitley,11.9,0.16
IA,Adair,8.7,-0.64
IA,Adams,8.7,-0.64
IA,Allamakee,8.9,-0.34
IA,Appanoose,9.2,0.12
IA,Audubon,8.7,-0.64
IA,Benton,9.9,1.17
IA,Black Hawk,9.4,0.42
IA,Boone,9.1,-0.04
IA,Bremer,9.3,0.27
IA,Buchanan,9.7,0.87
IA,Buena Vista,8.7,-0.64
IA,Butler,9.1,-0.04
IA,Calhoun,8.8,-0.49
IA,Carroll,8.9,-0.34
IA,Cass,8.7,-0.64
IA,Cedar,10.4,1.93
IA,Cerro Gordo,8.6,-0.79
IA,Cherokee,8.6,-0.79
IA,Chickasaw,8.8,-0.49
IA,Clarke,8.9,-0.34
IA,Clay,8.2,-1.39
IA,Clayton,9.4,0.42
IA,Clinton,10.4,1.93
IA,Crawford,8.8,-0.49
IA,Dallas,9.2,0.12
IA,Davis,9.4,0.42
IA,Decatur,9,-0.19
IA,Delaware,9.5,0.57
IA,Des Moines,10.7,2.38
IA,Dickinson,8,-1.69
IA,Dubuque,10.1,1.47
IA,Emmet,8,-1.69
IA,Fayette,9.4,0.42
IA,Floyd,8.6,-0.79
IA,Franklin,8.8,-0.49
IA,Fremont,9.1,-0.04
IA,Greene,8.8,-0.49
IA,Grundy,9.3,0.27
IA,Guthrie,8.8,-0.49
IA,Hamilton,9.1,-0.04
IA,Hancock,8.4,-1.09
IA,Hardin,9.2,0.12
IA,Harrison,8.9,-0.34
IA,Henry,10.3,1.77
IA,Howard,8.3,-1.24
IA,Humboldt,8.6,-0.79
IA,Ida,8.6,-0.79
IA,Iowa,9.9,1.17
IA,Jackson,10.2,1.62
IA,Jasper,9.4,0.42
IA,Jefferson,9.9,1.17
IA,Johnson,9.3,0.27
IA,Jones,10,1.32
IA,Keokuk,9.8,1.02
IA,Kossuth,8.3,-1.24
IA,Lee,10.7,2.38
IA,Linn,9.7,0.87
IA,Louisa,10.5,2.08
IA,Lucas,9,-0.19
IA,Lyon,8.3,-1.24
IA,Madison,8.8,-0.49
IA,Mahaska,9.6,0.72
IA,Marion,9.4,0.42
IA,Marshall,9.3,0.27
IA,Mills,9.1,-0.04
IA,Mitchell,8.2,-1.39
IA,Monona,8.8,-0.49
IA,Monroe,9.3,0.27
IA,Montgomery,8.5,-0.94
IA,Muscatine,11.2,3.13
IA,O'Brien,8.5,-0.94
IA,Osceola,8.1,-1.54
IA,Page,9,-0.19
IA,Palo Alto,8.1,-1.54
IA,Plymouth,8.9,-0.34
IA,Pocahontas,8.5,-0.94
IA,Polk,8.6,-0.79
IA,Pottawattamie,9.5,0.57
IA,Poweshiek,9.6,0.72
IA,Ringgold,8.9,-0.34
IA,Sac,8.8,-0.49
IA,Scott,10.3,1.77
IA,Shelby,8.6,-0.79
IA,Sioux,8.8,-0.49
IA,Story,9.3,0.27
IA,Tama,9.5,0.57
IA,Taylor,9,-0.19
IA,Union,8.9,-0.34
IA,Van Buren,9.3,0.27
IA,Wapello,9.7,0.87
IA,Warren,9.2,0.12
IA,Washington,10.3,1.77
IA,Wayne,9,-0.19
IA,Webster,8.9,-0.34
IA,Winnebago,8.1,-1.54
IA,Winneshiek,8.7,-0.64
IA,Woodbury,9,-0.19
IA,Worth,8.1,-1.54
IA,Wright,8.8,-0.49
KS,Allen,9.5,1.13
KS,Anderson,9.2,0.86
KS,Atchison,9.7,1.3
KS,Barber,7.8,-0.37
KS,Barton,7.9,-0.28
KS,Bourbon,9.5,1.13
KS,Brown,9.4,1.04
KS,Butler,9.6,1.21
KS,Chase,8.6,0.33
KS,Chautauqua,9.1,0.77
KS,Cherokee,9.9,1.48
KS,Cheyenne,6.2,-1.78
KS,Clark,7.1,-0.99
KS,Clay,8.3,0.07
KS,Cloud,8.1,-0.11
KS,Coffey,9.2,0.86
KS,Comanche,7.2,-0.9
KS,Cowley,9.3,0.95
KS,Crawford,9.7,1.3
KS,Decatur,6.6,-1.43
KS,Dickinson,8.8,0.51
KS,Doniphan,9.9,1.48
KS,Douglas,9.8,1.39
KS,Edwards,7.5,-0.64
KS,Elk,8.9,0.6
KS,Ellis,7.5,-0.64
KS,Ellsworth,7.8,-0.37
KS,Finney,7.6,-0.55
KS,Ford,7.6,-0.55
KS,Franklin,9.4,1.04
KS,Geary,8.8,0.51
KS,Gove,6.9,-1.17
KS,Graham,6.8,-1.25
KS,Grant,7.2,-0.9
KS,Gray,7.4,-0.73
KS,Greeley,6.6,-1.43
KS,Greenwood,8.9,0.6
KS,Hamilton,6.8,-1.25
KS,Harper,8.5,0.24
KS,Harvey,9.2,0.86
KS,Haskell,7.4,-0.73
KS,Hodgeman,7.2,-0.9
KS,Jackson,9.3,0.95
KS,Jefferson,9.7,1.3
KS,Jewell,7.6,-0.55
KS,Johnson,9.8,1.39
KS,Kearny,7.2,-0.9
KS,Kingman,8.4,0.16
KS,Kiowa,7.3,-0.81
KS,Labette,9.9,1.48
KS,Lane,7,-1.08
KS,Leavenworth,10.1,1.65
KS,Lincoln,7.7,-0.46
KS,Linn,9.3,0.95
KS,Logan,6.7,-1.34
KS,Lyon,9.1,0.77
KS,Marion,8.9,0.6
KS,Marshall,8.8,0.51
KS,McPherson,8.8,0.51
KS,Meade,7.1,-0.99
KS,Miami,9.7,1.3
KS,Mitchell,7.8,-0.37
KS,Montgomery,10.1,1.65
KS,Morris,8.7,0.42
KS,Morton,6.5,-1.52
KS,Nemaha,9.2,0.86
KS,Neosho,9.6,1.21
KS,Ness,7.1,-0.99
KS,Norton,6.7,-1.34
KS,Osage,9.3,0.95
KS,Osborne,7.3,-0.81
KS,Ottawa,8.2,-0.02
KS,Pawnee,7.7,-0.46
KS,Phillips,7.1,-0.99
KS,Pottawatomie,9.1,0.77
KS,Pratt,7.8,-0.37
KS,Rawlins,6.4,-1.61
KS,Reno,8.8,0.51
KS,Republic,8,-0.2
KS,Rice,8.1,-0.11
KS,Riley,9,0.68
KS,Rooks,7.2,-0.9
KS,Rush,7.5,-0.64
KS,Russell,7.5,-0.64
KS,Saline,8.5,0.24
KS,Scott,7,-1.08
KS,Sedgwick,10,1.57
KS,Seward,7.2,-0.9
KS,Shawnee,9.6,1.21
KS,Sheridan,6.7,-1.34
KS,Sherman,6.4,-1.61
KS,Smith,7.3,-0.81
KS,Stafford,7.8,-0.37
KS,Stanton,6.5,-1.52
KS,Stevens,7,-1.08
KS,Sumner,9.1,0.77
KS,Thomas,6.6,-1.43
KS,Trego,6.9,-1.17
KS,Wabaunsee,8.9,0.6
KS,Wallace,6.5,NR
KS,Washington,8.4,0.16
KS,Wichita,6.8,-1.25
KS,Wilson,9.7,1.3
KS,Woodson,9.2,0.86
KS,Wyandotte,10.1,1.65
KY,Adair,10.4,-0.29
KY,Allen,10.6,-0.04
KY,Anderson,10.9,0.35
KY,Ballard,11.1,0.6
KY,Barren,10.8,0.22
KY,Bath,10,-0.81
KY,Bell,9.7,-1.19
KY,Boone,12,1.75
KY,Bourbon,10.5,-0.17
KY,Boyd,10.4,-0.29
KY,Boyle,10.5,-0.17
KY,Bracken,10.5,-0.17
KY,Breathitt,9.7,-1.19
KY,Breckinridge,11.8,1.5
KY,Bullitt,12.4,2.27
KY,Butler,11.1,0.6
KY,Caldwell,10.9,0.35
KY,Calloway,10.7,0.09
KY,Campbell,11.7,1.37
KY,Carlisle,11,0.47
KY,Carroll,11.1,0.6
KY,Carter,9.6,-1.32
KY,Casey,10.4,-0.29
KY,Christian,10.9,0.35
KY,Clark,10.4,-0.29
KY,Clay,9.8,-1.06
KY,Clinton,9.7,-1.19
KY,Crittenden,11.1,0.6
KY,Cumberland,9.9,-0.93
KY,Daviess,12.2,2.01
KY,Edmonson,11,0.47
KY,Elliott,9.4,-1.58
KY,Estill,9.8,-1.06
KY,Fayette,10.8,0.22
KY,Fleming,10.1,-0.68
KY,Floyd,10,-0.81
KY,Franklin,11,0.47
KY,Fulton,10.9,0.35
KY,Gallatin,11.1,0.6
KY,Garrard,10.4,-0.29
KY,Grant,10.9,0.35
KY,Graves,11,0.47
KY,Grayson,11.3,0.86
KY,Green,10.7,0.09
KY,Greenup,10.4,-0.29
KY,Hancock,12.1,1.88
KY,Hardin,11.8,1.5
KY,Harlan,9.6,-1.32
KY,Harrison,10.5,-0.17
KY,Hart,11,0.47
KY,Henderson,12,1.75
KY,Henry,11.2,0.73
KY,Hickman,10.7,0.09
KY,Hopkins,11.6,1.24
KY,Jackson,9.8,-1.06
KY,Jefferson,12.9,2.91
KY,Jessamine,10.8,0.22
KY,Johnson,9.8,-1.06
KY,Kenton,12.2,2.01
KY,Knott,9.7,-1.19
KY,Knox,9.9,-0.93
KY,Larue,11.2,0.73
KY,Laurel,10,-0.81
KY,Lawrence,9.9,-0.93
KY,Lee,9.6,-1.32
KY,Leslie,9.5,-1.45
KY,Letcher,9.5,-1.45
KY,Lewis,10,-0.81
KY,Lincoln,10.3,-0.42
KY,Livingston,11.1,0.6
KY,Logan,11,0.47
KY,Lyon,10.9,0.35
KY,Madison,10.1,-0.68
KY,Magoffin,9.7,-1.19
KY,Marion,10.9,0.35
KY,Marshall,11.1,0.6
KY,Martin,9.8,-1.06
KY,Mason,10.3,-0.42
KY,McCracken,11.1,0.6
KY,McCreary,9.6,-1.32
KY,McLean,11.8,1.5
KY,Meade,12.1,1.88
KY,Menifee,9.5,-1.45
KY,Mercer,10.7,0.09
KY,Metcalfe,10.5,-0.17
KY,Monroe,10.2,-0.55
KY,Montgomery,10.1,-0.68
KY,Morgan,9.6,-1.32
KY,Muhlenberg,11.4,0.99
KY,Nelson,11.5,1.11
KY,Nicholas,10.1,-0.68
KY,Ohio,11.7,1.37
KY,Oldham,11.9,1.63
KY,Owen,10.9,0.35
KY,Owsley,9.5,-1.45
KY,Pendleton,10.7,0.09
KY,Perry,9.6,-1.32
KY,Pike,9.6,-1.32
KY,Powell,9.7,-1.19
KY,Pulaski,10,-0.81
KY,Robertson,10.1,-0.68
KY,Rockcastle,10,-0.81
KY,Rowan,9.7,-1.19
KY,Russell,10.1,-0.68
KY,Scott,10.9,0.35
KY,Shelby,11.5,1.11
KY,Simpson,10.8,0.22
KY,Spencer,11.4,0.99
KY,Taylor,10.7,0.09
KY,Todd,10.8,0.22
KY,Trigg,10.6,-0.04
KY,Trimble,11.2,0.73
KY,Union,11.6,1.24
KY,Warren,10.8,0.22
KY,Washington,10.8,0.22
KY,Wayne,9.7,-1.19
KY,Webster,11.6,1.24
KY,Whitley,9.9,-0.93
KY,Wolfe,9.5,-1.45
KY,Woodford,11,0.47
LA,Acadia,9.4,0.13
LA,Allen,9.2,-0.4
LA,Ascension,10,1.75
LA,Assumption,9.3,-0.13
LA,Avoyelles,9.2,-0.4
LA,Beauregard,9.4,0.13
LA,Bienville,9.7,0.94
LA,Bossier,10.3,2.56
LA,Caddo,10.3,2.56
LA,Calcasieu,9.5,0.4
LA,Caldwell,9.2,-0.4
LA,Cameron,9.1,-0.67
LA,Catahoula,9,-0.94
LA,Claiborne,9.6,0.67
LA,Concordia,9,-0.94
LA,De Soto,9.9,1.48
LA,East Baton Rouge,9,-0.94
LA,East Carroll,9.6,0.67
LA,East Feliciana,9.3,-0.13
LA,Evangeline,9.3,-0.13
LA,Franklin,9.3,-0.13
LA,Grant,9.5,0.4
LA,Iberia,9.4,0.13
LA,Iberville,9.5,0.4
LA,Jackson,9.5,0.4
LA,Jefferson,8,-3.64
LA,Jefferson Davis,9,-0.94
LA,La Salle,9.1,-0.67
LA,Lafayette,9.4,0.13
LA,Lafourche,9.3,-0.13
LA,Lincoln,9.6,0.67
LA,Livingston,9.7,0.94
LA,Madison,9.6,0.67
LA,Morehouse,9.8,1.21
LA,Natchitoches,9.6,0.67
LA,Orleans,9,-0.94
LA,Ouachita,9.5,0.4
LA,Plaquemines,8.9,-1.21
LA,Pointe Coupee,9.3,-0.13
LA,Rapides,9.3,-0.13
LA,Red River,9.4,0.13
LA,Richland,9.6,0.67
LA,Sabine,9.4,0.13
LA,St. Bernard,9,-0.94
LA,St. Charles,9,-0.94
LA,St. Helena,8.8,-1.48
LA,St. James,9.5,0.4
LA,St. John the Baptist,9.2,-0.4
LA,St. Landry,9.5,0.4
LA,St. Martin,9.6,0.67
LA,St. Mary,9,-0.94
LA,St. Tammany,9.3,-0.13
LA,Tangipahoa,8.9,-1.21
LA,Tensas,9.2,-0.4
LA,Terrebonne,8.7,-1.75
LA,Union,9.8,1.21
LA,Vermilion,9.4,0.13
LA,Vernon,9.5,0.4
LA,Washington,9.1,-0.67
LA,Webster,9.9,1.48
LA,West Baton Rouge,9,-0.94
LA,West Carroll,9.6,0.67
LA,West Feliciana,9,-0.94
LA,Winn,9.4,0.13
ME,Androscoggin,7.6,0.57
ME,Aroostook,8.1,1.54
ME,Cumberland,8,1.35
ME,Franklin,6.9,-0.79
ME,Hancock,6.3,-1.96
ME,Kennebec,7.7,0.77
ME,Knox,7.2,-0.21
ME,Lincoln,7.5,0.38
ME,Oxford,7.4,0.18
ME,Penobscot,7.2,-0.21
ME,Piscataquis,6.7,-1.18
ME,Sagadahoc,7.7,0.77
ME,Somerset,7.3,-0.01
ME,Waldo,7.1,-0.4
ME,Washington,6.5,-1.57
ME,York,7.7,0.77
MD,Allegany,9,-1.1
MD,Anne Arundel,10.6,1.09
MD,Baltimore,10.9,1.5
MD,Baltimore City,9.5,-0.42
MD,Calvert,9.3,-0.69
MD,Caroline,9.4,-0.55
MD,Carroll,10.5,0.95
MD,Cecil,10.7,1.22
MD,Charles,9.3,-0.69
MD,Dorchester,9.4,-0.55
MD,Frederick,10.3,0.68
MD,Garrett,8.7,-1.51
MD,Harford,10.9,1.5
MD,Howard,11,1.63
MD,Kent,9.7,-0.14
MD,Montgomery,10.8,1.36
MD,Prince George's,9.9,0.13
MD,Queen Anne's,9.7,-0.14
MD,Somerset,9,-1.1
MD,St. Mary's,9,-1.1
MD,Talbot,9.3,-0.69
MD,Washington,10.1,0.4
MD,Wicomico,9.3,-0.69
MD,Worcester,9,-1.1
MA,Barnstable,6.7,-0.96
MA,Berkshire,7.7,0.32
MA,Bristol,6.9,-0.7
MA,Dukes,6,-1.85
MA,Essex,7.8,0.45
MA,Franklin,7.7,0.32
MA,Hampden,8.2,0.96
MA,Hampshire,8,0.7
MA,Middlesex,8.5,1.34
MA,Nantucket,6,-1.85
MA,Norfolk,8.1,0.83
MA,Plymouth,7.2,-0.32
MA,Suffolk,7.6,0.19
MA,Worcester,7.9,0.57
MI,Alcona,7.5,-0.76
MI,Alger,6.4,-1.34
MI,Allegan,11,1.08
MI,Alpena,7.5,-0.76
MI,Antrim,7.4,-0.81
MI,Arenac,8.3,-0.34
MI,Baraga,6,-1.55
MI,Barry,11.2,1.19
MI,Bay,9.5,0.29
MI,Benzie,7.5,-0.76
MI,Berrien,11.8,1.5
MI,Branch,11.8,1.5
MI,Calhoun,11.5,1.35
MI,Cass,12.9,2.08
MI,Charlevoix,7.4,-0.81
MI,Cheboygan,7.1,-0.97
MI,Chippewa,6.9,-1.07
MI,Clare,8.3,-0.34
MI,Clinton,10.6,0.87
MI,Crawford,7.4,-0.81
MI,Delta,7.1,-0.97
MI,Dickinson,7,-1.02
MI,Eaton,10.9,1.03
MI,Emmet,7.1,-0.97
MI,Genesee,10.2,0.66
MI,Gladwin,8.4,-0.28
MI,Gogebic,6.4,-1.34
MI,Grand Traverse,7.7,-0.65
MI,Gratiot,9.7,0.4
MI,Hillsdale,11.3,1.24
MI,Houghton,6.1,-1.49
MI,Huron,9,0.03
MI,Ingham,10.6,0.87
MI,Ionia,10.6,0.87
MI,Iosco,7.9,-0.55
MI,Iron,6.6,-1.23
MI,Isabella,9.1,0.08
MI,Jackson,11,1.08
MI,Kalamazoo,11.7,1.45
MI,Kalkaska,7.4,-0.81
MI,Kent,11.5,1.35
MI,Keweenaw,5.7,-1.7
MI,Lake,8.1,-0.44
MI,Lapeer,10.3,0.71
MI,Leelanau,7.5,-0.76
MI,Lenawee,10.8,0.98
MI,Livingston,10.8,0.98
MI,Luce,6.3,-1.39
MI,Mackinac,7,-1.02
MI,Macomb,11,1.08
MI,Manistee,7.7,-0.65
MI,Marquette,6.6,-1.23
MI,Mason,8.4,-0.28
MI,Mecosta,8.9,-0.02
MI,Menominee,7.9,-0.55
MI,Midland,9.4,0.24
MI,Missaukee,7.3,-0.86
MI,Monroe,11,1.08
MI,Montcalm,10,0.56
MI,Montmorency,7.2,-0.92
MI,Muskegon,10.3,0.71
MI,Newaygo,9.6,0.35
MI,Oakland,11.1,1.14
MI,Oceana,9,0.03
MI,Ogemaw,7.9,-0.55
MI,Ontonagon,6,-1.55
MI,Osceola,8.2,-0.39
MI,Oscoda,7.4,-0.81
MI,Otsego,7.2,-0.92
MI,Ottawa,11.4,1.29
MI,Presque Isle,7.2,-0.92
MI,Roscommon,7.7,-0.65
MI,Saginaw,10,0.56
MI,Sanilac,9.8,0.45
MI,Schoolcraft,6.6,-1.23
MI,Shiawassee,10.3,0.71
MI,St. Clair,11,1.08
MI,St. Joseph,12.6,1.92
MI,Tuscola,9.7,0.4
MI,Van Buren,11.8,1.5
MI,Washtenaw,11,1.08
MI,Wayne,11.4,1.29
MI,Wexford,7.7,-0.65
MN,Aitkin,6.1,-1.2
MN,Anoka,7.9,1.02
MN,Becker,6.8,-0.34
MN,Beltrami,6.6,-0.58
MN,Benton,6.8,-0.34
MN,Big Stone,5.9,-1.45
MN,Blue Earth,8,1.15
MN,Brown,7.5,0.53
MN,Carlton,6.6,-0.58
MN,Carver,7.5,0.53
MN,Cass,6.6,-0.58
MN,Chippewa,6.5,-0.71
MN,Chisago,7.4,0.41
MN,Clay,7,-0.09
MN,Clearwater,6.1,-1.2
MN,Cook,5.6,-1.82
MN,Cottonwood,7.4,0.41
MN,Crow Wing,6.2,-1.08
MN,Dakota,8.3,1.52
MN,Dodge,7.8,0.9
MN,Douglas,6.3,-0.96
MN,Faribault,8,1.15
MN,Fillmore,8.4,1.64
MN,Freeborn,8.1,1.27
MN,Goodhue,8.2,1.4
MN,Grant,6.2,-1.08
MN,Hennepin,8.5,1.77
MN,Houston,8.7,2.01
MN,Hubbard,6.4,-0.83
MN,Isanti,7.2,0.16
MN,Itasca,7.1,0.03
MN,Jackson,7.8,0.9
MN,Kanabec,6.4,-0.83
MN,Kandiyohi,6.6,-0.58
MN,Kittson,6.4,-0.83
MN,Koochiching,6.1,-1.2
MN,Lac qui Parle,6.2,-1.08
MN,Lake,6.4,-0.83
MN,Lake of the Woods,5.9,-1.45
MN,Le Sueur,7.7,0.78
MN,Lincoln,6.7,-0.46
MN,Lyon,6.8,-0.34
MN,Mahnomen,6.2,-1.08
MN,Marshall,6.5,-0.71
MN,Martin,7.9,1.02
MN,McLeod,6.9,-0.21
MN,Meeker,6.5,-0.71
MN,Mille Lacs,6.7,-0.46
MN,Morrison,6.4,-0.83
MN,Mower,8.1,1.27
MN,Murray,7.3,0.28
MN,Nicollet,7.8,0.9
MN,Nobles,7.9,1.02
MN,Norman,6.3,-0.96
MN,Olmsted,8.1,1.27
MN,Otter Tail,6.8,-0.34
MN,Pennington,6.2,-1.08
MN,Pine,6.7,-0.46
MN,Pipestone,7.5,0.53
MN,Polk,6.9,-0.21
MN,Pope,6.2,-1.08
MN,Ramsey,9,2.39
MN,Red Lake,6.2,-1.08
MN,Redwood,7,-0.09
MN,Renville,6.9,-0.21
MN,Rice,7.9,1.02
MN,Rock,7.9,1.02
MN,Roseau,6.4,-0.83
MN,Scott,7.6,0.65
MN,Sherburne,7.3,0.28
MN,Sibley,7.2,0.16
MN,St. Louis,7.7,0.78
MN,Stearns,7,-0.09
MN,Steele,7.8,0.9
MN,Stevens,6.2,-1.08
MN,Swift,6.3,-0.96
MN,Todd,6.4,-0.83
MN,Traverse,6,-1.33
MN,Wabasha,8.2,1.4
MN,Wadena,6.1,-1.2
MN,Waseca,7.8,0.9
MN,Washington,8.5,1.77
MN,Watonwan,7.5,0.53
MN,Wilkin,6.4,-0.83
MN,Winona,8.6,1.89
MN,Wright,7.3,0.28
MN,Yellow Medicine,6.5,-0.71
MS,Adams,9,-2.07
MS,Alcorn,10,0.28
MS,Amite,9,-2.07
MS,Attala,9.9,0.05
MS,Benton,9.7,-0.42
MS,Bolivar,10.3,0.99
MS,Calhoun,9.9,0.05
MS,Carroll,9.6,-0.66
MS,Chickasaw,10.1,0.52
MS,Choctaw,9.8,-0.19
MS,Claiborne,9.2,-1.6
MS,Clarke,9.9,0.05
MS,Clay,10.4,1.22
MS,Coahoma,10.2,0.75
MS,Copiah,9.7,-0.42
MS,Covington,9.9,0.05
MS,DeSoto,10.3,0.99
MS,Forrest,10.2,0.75
MS,Franklin,8.9,-2.3
MS,George,9.7,-0.42
MS,Greene,9.4,-1.13
MS,Grenada,9.5,-0.89
MS,Hancock,9.4,-1.13
MS,Harrison,9.8,-0.19
MS,Hinds,10.7,1.93
MS,Holmes,9.9,0.05
MS,Humphreys,9.9,0.05
MS,Issaquena,9.5,-0.89
MS,Itawamba,10.2,0.75
MS,Jackson,10.1,0.52
MS,Jasper,10,0.28
MS,Jefferson,8.9,-2.3
MS,Jefferson Davis,9.7,-0.42
MS,Jones,10.1,0.52
MS,Kemper,10,0.28
MS,Lafayette,9.9,0.05
MS,Lamar,9.7,-0.42
MS,Lauderdale,10.4,1.22
MS,Lawrence,9.6,-0.66
MS,Leake,10.1,0.52
MS,Lee,10.5,1.46
MS,Leflore,10.2,0.75
MS,Lincoln,9.5,-0.89
MS,Lowndes,10.6,1.69
MS,Madison,10.7,1.93
MS,Marion,9.4,-1.13
MS,Marshall,10,0.28
MS,Monroe,10.5,1.46
MS,Montgomery,9.6,-0.66
MS,Neshoba,10.4,1.22
MS,Newton,10.3,0.99
MS,Noxubee,10.1,0.52
MS,Oktibbeha,10.3,0.99
MS,Panola,10,0.28
MS,Pearl River,9.3,-1.36
MS,Perry,9.6,-0.66
MS,Pike,9.2,-1.6
MS,Pontotoc,10.2,0.75
MS,Prentiss,10.1,0.52
MS,Quitman,10,0.28
MS,Rankin,10.6,1.69
MS,Scott,10.2,0.75
MS,Sharkey,9.7,-0.42
MS,Simpson,9.9,0.05
MS,Smith,10.1,0.52
MS,Stone,9.5,-0.89
MS,Sunflower,10.3,0.99
MS,Tallahatchie,10,0.28
MS,Tate,10,0.28
MS,Tippah,9.9,0.05
MS,Tishomingo,10,0.28
MS,Tunica,9.9,0.05
MS,Union,10.1,0.52
MS,Walthall,9.1,-1.83
MS,Warren,9.8,-0.19
MS,Washington,10.1,0.52
MS,Wayne,9.7,-0.42
MS,Webster,9.8,-0.19
MS,Wilkinson,8.7,-2.77
MS,Winston,10.1,0.52
MS,Yalobusha,9.7,-0.42
MS,Yazoo,9.9,0.05
MO,Adair,9.5,-0.59
MO,Andrew,9.9,0.02
MO,Atchison,9.2,-1.06
MO,Audrain,10,0.18
MO,Barry,9.8,-0.13
MO,Barton,9.3,-0.9
MO,Bates,9.4,-0.75
MO,Benton,9.4,-0.75
MO,Bollinger,10.5,0.95
MO,Boone,10.1,0.33
MO,Buchanan,10.2,0.49
MO,Butler,10.8,1.42
MO,Caldwell,9.3,-0.9
MO,Callaway,10,0.18
MO,Camden,9.8,-0.13
MO,Cape Girardeau,11.3,2.19
MO,Carroll,9.3,-0.9
MO,Carter,9.7,-0.28
MO,Cass,9.9,0.02
MO,Cedar,9.1,-1.21
MO,Chariton,9.4,-0.75
MO,Christian,9.9,0.02
MO,Clark,10.1,0.33
MO,Clay,10,0.18
MO,Clinton,9.7,-0.28
MO,Cole,10,0.18
MO,Cooper,9.7,-0.28
MO,Crawford,9.8,-0.13
MO,Dade,9.2,-1.06
MO,Dallas,9.4,-0.75
MO,Daviess,9.4,-0.75
MO,DeKalb,9.6,-0.44
MO,Dent,9.4,-0.75
MO,Douglas,9.5,-0.59
MO,Dunklin,11.3,2.19
MO,Franklin,10.7,1.26
MO,Gasconade,9.9,0.02
MO,Gentry,9.3,-0.9
MO,Greene,10.1,0.33
MO,Grundy,9.3,-0.9
MO,Harrison,9.2,-1.06
MO,Henry,9.3,-0.9
MO,Hickory,9.2,-1.06
MO,Holt,9.6,-0.44
MO,Howard,9.5,-0.59
MO,Howell,9.9,0.02
MO,Iron,9.8,-0.13
MO,Jackson,10.4,0.8
MO,Jasper,10,0.18
MO,Jefferson,11.3,2.19
MO,Johnson,9.4,-0.75
MO,Knox,9.5,-0.59
MO,Laclede,9.5,-0.59
MO,Lafayette,9.5,-0.59
MO,Lawrence,9.7,-0.28
MO,Lewis,10.3,0.64
MO,Lincoln,10.9,1.57
MO,Linn,9.3,-0.9
MO,Livingston,9.3,-0.9
MO,Macon,9.5,-0.59
MO,Madison,10,0.18
MO,Maries,9.6,-0.44
MO,Marion,10.4,0.8
MO,McDonald,9.7,-0.28
MO,Mercer,9.1,-1.21
MO,Miller,9.8,-0.13
MO,Mississippi,11.4,2.34
MO,Moniteau,9.7,-0.28
MO,Monroe,9.7,-0.28
MO,Montgomery,10,0.18
MO,Morgan,9.6,-0.44
MO,New Madrid,11.3,2.19
MO,Newton,10,0.18
MO,Nodaway,9.4,-0.75
MO,Oregon,9.7,-0.28
MO,Osage,9.8,-0.13
MO,Ozark,9.4,-0.75
MO,Pemiscot,11,1.72
MO,Perry,10.8,1.42
MO,Pettis,9.5,-0.59
MO,Phelps,9.7,-0.28
MO,Pike,10.4,0.8
MO,Platte,10.2,0.49
MO,Polk,9.5,-0.59
MO,Pulaski,9.6,-0.44
MO,Putnam,9.1,-1.21
MO,Ralls,10.2,0.49
MO,Randolph,9.6,-0.44
MO,Ray,9.4,-0.75
MO,Reynolds,9.5,-0.59
MO,Ripley,10.2,0.49
MO,Saline,9.6,-0.44
MO,Schuyler,9.3,-0.9
MO,Scotland,9.5,-0.59
MO,Scott,11.5,2.5
MO,Shannon,9.4,-0.75
MO,Shelby,9.7,-0.28
MO,St. Charles,11.7,2.81
MO,St. Clair,9.1,-1.21
MO,St. Francois,10.3,0.64
MO,St. Louis,12.1,3.42
MO,St. Louis City,11.5,2.5
MO,Ste. Genevieve,10.6,1.11
MO,Stoddard,11.3,2.19
MO,Stone,9.8,-0.13
MO,Sullivan,9.3,-0.9
MO,Taney,9.8,-0.13
MO,Texas,9.6,-0.44
MO,Vernon,9.4,-0.75
MO,Warren,10.5,0.95
MO,Washington,9.9,0.02
MO,Wayne,10.1,0.33
MO,Webster,9.6,-0.44
MO,Worth,9,-1.37
MO,Wright,9.5,-0.59
MT,Beaverhead,7.3,0.72
MT,Big Horn,6,-0.28
MT,Blaine,5.7,-0.52
MT,Broadwater,6,-0.28
MT,Carbon,5.4,-0.75
MT,Carter,5.2,NR
MT,Cascade,5.8,-0.44
MT,Chouteau,5.7,-0.52
MT,Custer,5.7,-0.52
MT,Daniels,6,-0.28
MT,Dawson,5.6,-0.59
MT,Deer Lodge,7.4,0.8
MT,Fallon,5.2,-0.9
MT,Fergus,4.8,-1.21
MT,Flathead,8.9,1.96
MT,Gallatin,7.1,0.57
MT,Garfield,5.2,NR
MT,Glacier,6.6,0.18
MT,Golden Valley,4.8,NR
MT,Granite,6.7,0.26
MT,Hill,6.1,-0.21
MT,Jefferson,7.3,0.72
MT,Judith Basin,4.5,-1.45
MT,Lake,8.8,1.89
MT,Lewis and Clark,6.1,-0.21
MT,Liberty,5.9,NR
MT,Lincoln,9,2.04
MT,Madison,6.8,0.34
MT,McCone,5.5,-0.67
MT,Meagher,4.7,-1.29
MT,Mineral,8.5,1.65
MT,Missoula,8.6,1.73
MT,Musselshell,5.2,-0.9
MT,Park,5.4,-0.75
MT,Petroleum,5.1,NR
MT,Phillips,4.8,-1.21
MT,Pondera,6,-0.28
MT,Powder River,5.5,NR
MT,Powell,6.9,0.41
MT,Prairie,5.4,-0.75
MT,Ravalli,8.7,1.81
MT,Richland,6.2,-0.13
MT,Roosevelt,6.3,-0.05
MT,Rosebud,6.1,-0.21
MT,Sanders,9.5,2.43
MT,Sheridan,6.2,-0.13
MT,Silver Bow,8,1.27
MT,Stillwater,5.3,-0.83
MT,Sweet Grass,4.8,-1.21
MT,Teton,5.9,-0.36
MT,Toole,6.4,0.03
MT,Treasure,5.6,NR
MT,Valley,5.7,-0.52
MT,Wheatland,4.7,-1.29
MT,Wibaux,5.3,NR
MT,Yellowstone,6.3,-0.05
NE,Adams,8,0.4
NE,Antelope,7.5,0.03
NE,Arthur,5.3,NR
NE,Banner,4.6,NR
NE,Blaine,5.8,NR
NE,Boone,7.7,0.18
NE,Box Butte,4.7,-2.03
NE,Boyd,6.3,-0.85
NE,Brown,5.6,-1.37
NE,Buffalo,7.8,0.25
NE,Burt,8.8,0.98
NE,Butler,8.5,0.76
NE,Cass,9.3,1.35
NE,Cedar,8.1,0.47
NE,Chase,6.2,-0.93
NE,Cherry,5,-1.81
NE,Cheyenne,5.3,-1.59
NE,Clay,8,0.4
NE,Colfax,8.6,0.84
NE,Cuming,8.7,0.91
NE,Custer,6.7,-0.56
NE,Dakota,8.9,1.06
NE,Dawes,4.1,-2.47
NE,Dawson,7.2,-0.19
NE,Deuel,5.6,-1.37
NE,Dixon,8.5,0.76
NE,Dodge,9,1.13
NE,Douglas,9.5,1.5
NE,Dundy,6.2,-0.93
NE,Fillmore,8.2,0.54
NE,Franklin,7.3,-0.12
NE,Frontier,6.5,-0.71
NE,Furnas,6.9,-0.41
NE,Gage,8.9,1.06
NE,Garden,5,-1.81
NE,Garfield,6.5,-0.71
NE,Gosper,6.9,-0.41
NE,Grant,5.1,NR
NE,Greeley,7.1,-0.27
NE,Hall,7.9,0.32
NE,Hamilton,8.1,0.47
NE,Harlan,7.1,-0.27
NE,Hayes,6.2,NR
NE,Hitchcock,6.3,-0.85
NE,Holt,6.7,-0.56
NE,Hooker,5.3,NR
NE,Howard,7.5,0.03
NE,Jefferson,8.4,0.69
NE,Johnson,8.9,1.06
NE,Kearney,7.5,0.03
NE,Keith,6,-1.07
NE,Keya Paha,5.6,NR
NE,Kimball,4.8,-1.95
NE,Knox,7.6,0.1
NE,Lancaster,9.1,1.2
NE,Lincoln,6.5,-0.71
NE,Logan,5.8,NR
NE,Loup,6.1,NR
NE,Madison,8.3,0.62
NE,McPherson,5.6,NR
NE,Merrick,8,0.4
NE,Morrill,4.9,-1.88
NE,Nance,7.8,0.25
NE,Nemaha,9,1.13
NE,Nuckolls,7.8,0.25
NE,Otoe,9.2,1.28
NE,Pawnee,8.7,0.91
NE,Perkins,6.1,-1
NE,Phelps,7.5,0.03
NE,Pierce,7.9,0.32
NE,Platte,8.6,0.84
NE,Polk,8.2,0.54
NE,Red Willow,6.7,-0.56
NE,Richardson,9.3,1.35
NE,Rock,5.9,-1.15
NE,Saline,8.6,0.84
NE,Sarpy,9.5,1.5
NE,Saunders,9.1,1.2
NE,Scotts Bluff,5,-1.81
NE,Seward,8.6,0.84
NE,Sheridan,4.6,-2.1
NE,Sherman,7.1,-0.27
NE,Sioux,3.8,NR
NE,Stanton,8.3,0.62
NE,Thayer,8.1,0.47
NE,Thomas,5.5,NR
NE,Thurston,8.7,0.91
NE,Valley,6.9,-0.41
NE,Washington,8.8,0.98
NE,Wayne,8.4,0.69
NE,Webster,7.5,0.03
NE,Wheeler,6.9,NR
NE,York,8.3,0.62
NV,Carson City,7.2,0.37
NV,Churchill,7.4,0.5
NV,Clark,9.4,1.85
NV,Douglas,7.5,0.57
NV,Elko,5.8,-0.57
NV,Esmeralda,5.2,NR
NV,Eureka,4.7,NR
NV,Humboldt,6.7,0.03
NV,Lander,4.8,-1.25
NV,Lincoln,4.6,-1.38
NV,Lyon,8.3,1.11
NV,Mineral,5.5,-0.78
NV,Nye,6.5,-0.1
NV,Pershing,5.7,-0.64
NV,Storey,7.5,0.57
NV,Washoe,8.4,1.18
NV,White Pine,4.5,-1.45
NH,Belknap,6.8,-0.85
NH,Carroll,6.8,-0.85
NH,Cheshire,8.3,1.55
NH,Coos,6.2,-1.81
NH,Grafton,7,-0.53
NH,Hillsborough,7.5,0.27
NH,Merrimack,7.7,0.59
NH,Rockingham,7.9,0.91
NH,Strafford,7.4,0.11
NH,Sullivan,7.7,0.59
NJ,Atlantic,9.4,-0.6
NJ,Bergen,9.9,-0.02
NJ,Burlington,11.4,1.72
NJ,Camden,11.6,1.95
NJ,Cape May,9,-1.07
NJ,Cumberland,9.9,-0.02
NJ,Essex,9.9,-0.02
NJ,Gloucester,10.9,1.14
NJ,Hudson,9.9,-0.02
NJ,Hunterdon,10.2,0.33
NJ,Mercer,8.8,-1.3
NJ,Middlesex,9.7,-0.25
NJ,Monmouth,9.9,-0.02
NJ,Morris,10,0.09
NJ,Ocean,7.8,-2.46
NJ,Passaic,9.7,-0.25
NJ,Salem,10.9,1.14
NJ,Somerset,9.9,-0.02
NJ,Sussex,9.1,-0.95
NJ,Union,10.4,0.56
NJ,Warren,10,0.09
NM,Bernalillo,6.9,0.92
NM,Catron,4.3,-1.74
NM,Chaves,7.4,1.43
NM,Cibola,5.2,-0.82
NM,Colfax,4.6,-1.44
NM,Curry,7.1,1.12
NM,De Baca,5.9,-0.11
NM,Dona Ana,7.8,1.84
NM,Eddy,7.5,1.53
NM,Grant,6,0
NM,Guadalupe,5.5,-0.51
NM,Harding,5,NR
NM,Hidalgo,6.1,0.1
NM,Lea,7.6,1.63
NM,Lincoln,5.6,-0.41
NM,Los Alamos,5,-1.03
NM,Luna,6.9,0.92
NM,McKinley,6,0
NM,Mora,4.3,-1.74
NM,Otero,6.7,0.71
NM,Quay,5.9,-0.11
NM,Rio Arriba,5.4,-0.62
NM,Roosevelt,6.9,0.92
NM,San Juan,6.5,0.51
NM,San Miguel,5.4,-0.62
NM,Sandoval,7,1.02
NM,Santa Fe,6.1,0.1
NM,Sierra,5.5,-0.51
NM,Socorro,5.2,-0.82
NM,Taos,4.8,-1.23
NM,Torrance,5.8,-0.21
NM,Union,4.9,-1.13
NM,Valencia,6.3,0.3
NY,Albany,9.1,0.49
NY,Allegany,8.5,-0.13
NY,Bronx,10.3,1.74
NY,Broome,8.9,0.29
NY,Cattaraugus,9.3,0.7
NY,Cayuga,8.3,-0.33
NY,Chautauqua,9.6,1.01
NY,Chemung,8.3,-0.33
NY,Chenango,8.2,-0.44
NY,Clinton,6.7,-1.99
NY,Columbia,8.5,-0.13
NY,Cortland,7.9,-0.75
NY,Delaware,7.9,-0.75
NY,Dutchess,9.3,0.7
NY,Erie,10.7,2.15
NY,Essex,6.6,-2.09
NY,Franklin,7.4,-1.27
NY,Fulton,8,-0.64
NY,Genesee,9.1,0.49
NY,Greene,8.2,-0.44
NY,Hamilton,6.6,-2.09
NY,Herkimer,7.8,-0.85
NY,Jefferson,7.8,-0.85
NY,Kings,10.1,1.53
NY,Lewis,7,-1.68
NY,Livingston,8.5,-0.13
NY,Madison,8,-0.64
NY,Monroe,8.9,0.29
NY,Montgomery,8.2,-0.44
NY,Nassau,10,1.43
NY,New York,10.8,2.25
NY,Niagara,11,2.46
NY,Oneida,8.1,-0.54
NY,Onondaga,8.2,-0.44
NY,Ontario,8.5,-0.13
NY,Orange,9,0.39
NY,Orleans,9,0.39
NY,Oswego,8.2,-0.44
NY,Otsego,7.8,-0.85
NY,Putnam,9.3,0.7
NY,Queens,8.1,-0.54
NY,Rensselaer,9.1,0.49
NY,Richmond,9.8,1.22
NY,Rockland,9.7,1.11
NY,Saratoga,9.4,0.8
NY,Schenectady,9,0.39
NY,Schoharie,7.5,-1.16
NY,Schuyler,8,-0.64
NY,Seneca,8.3,-0.33
NY,St. Lawrence,7.9,-0.75
NY,Steuben,7.9,-0.75
NY,Suffolk,9,0.39
NY,Sullivan,8.4,-0.23
NY,Tioga,8.7,0.08
NY,Tompkins,8.2,-0.44
NY,Ulster,8.9,0.29
NY,Warren,8.5,-0.13
NY,Washington,8.9,0.29
NY,Wayne,8.6,-0.02
NY,Westchester,10.4,1.84
NY,Wyoming,8.8,0.18
NY,Yates,7.9,-0.75
NC,Alamance,10.5,0.92
NC,Alexander,10.1,0.47
NC,Alleghany,8.7,-1.1
NC,Anson,10.2,0.58
NC,Ashe,8.5,-1.32
NC,Avery,8.5,-1.32
NC,Beaufort,9.2,-0.54
NC,Bertie,9.1,-0.65
NC,Bladen,10,0.36
NC,Brunswick,9.3,-0.42
NC,Buncombe,9,-0.76
NC,Burke,10.1,0.47
NC,Cabarrus,11,1.48
NC,Caldwell,9.9,0.25
NC,Camden,8.4,-1.43
NC,Carteret,8.7,-1.1
NC,Caswell,10.2,0.58
NC,Catawba,10.5,0.92
NC,Chatham,10.3,0.7
NC,Cherokee,9,-0.76
NC,Chowan,8.6,-1.21
NC,Clay,8.5,-1.32
NC,Cleveland,10.6,1.03
NC,Columbus,9.7,0.02
NC,Craven,9.4,-0.31
NC,Cumberland,10.6,1.03
NC,Currituck,8.5,-1.32
NC,Dare,8.2,-1.66
NC,Davidson,10.8,1.26
NC,Davie,10.4,0.81
NC,Duplin,9.9,0.25
NC,Durham,10.6,1.03
NC,Edgecombe,10.2,0.58
NC,Forsyth,9.4,-0.31
NC,Franklin,10.6,1.03
NC,Gaston,10.9,1.37
NC,Gates,8.8,-0.98
NC,Graham,8.4,-1.43
NC,Granville,10.5,0.92
NC,Greene,10.4,0.81
NC,Guilford,10.5,0.92
NC,Halifax,9.8,0.14
NC,Harnett,10.9,1.37
NC,Haywood,8.7,-1.1
NC,Henderson,9.2,-0.54
NC,Hertford,9.1,-0.65
NC,Hoke,10.4,0.81
NC,Hyde,7.8,-2.1
NC,Iredell,10.9,1.37
NC,Jackson,8.4,-1.43
NC,Johnston,10.4,0.81
NC,Jones,9.5,-0.2
NC,Lee,10.5,0.92
NC,Lenoir,10.3,0.7
NC,Lincoln,10.8,1.26
NC,Macon,8.6,-1.21
NC,Madison,8.8,-0.98
NC,Martin,8.9,-0.87
NC,McDowell,9.2,-0.54
NC,Mecklenburg,11.3,1.82
NC,Mitchell,8.5,-1.32
NC,Montgomery,9.7,0.02
NC,Moore,10.4,0.81
NC,Nash,10.5,0.92
NC,New Hanover,8.4,-1.43
NC,Northampton,9.6,-0.09
NC,Onslow,9.5,-0.2
NC,Orange,10.7,1.14
NC,Pamlico,8.6,-1.21
NC,Pasquotank,8.5,-1.32
NC,Pender,9.4,-0.31
NC,Perquimans,8.5,-1.32
NC,Person,10.1,0.47
NC,Pitt,9.8,0.14
NC,Polk,9.5,-0.2
NC,Randolph,10.9,1.37
NC,Richmond,10.2,0.58
NC,Robeson,10.1,0.47
NC,Rockingham,10.3,0.7
NC,Rowan,10.6,1.03
NC,Rutherford,10.1,0.47
NC,Sampson,10.7,1.14
NC,Scotland,10.2,0.58
NC,Stanly,10.5,0.92
NC,Stokes,9.8,0.14
NC,Surry,9.6,-0.09
NC,Swain,8.4,-1.43
NC,Transylvania,8.7,-1.1
NC,Tyrrell,7.9,-1.99
NC,Union,10.9,1.37
NC,Vance,10,0.36
NC,Wake,11,1.48
NC,Warren,9.7,0.02
NC,Washington,8.6,-1.21
NC,Watauga,8.3,-1.54
NC,Wayne,10.7,1.14
NC,Wilkes,9.6,-0.09
NC,Wilson,10.7,1.14
NC,Yadkin,9.9,0.25
NC,Yancey,8.6,-1.21
ND,Adams,4.8,-1.29
ND,Barnes,5.7,0.38
ND,Benson,5.6,0.19
ND,Billings,4.9,NR
ND,Bottineau,5.7,0.38
ND,Bowman,5.1,-0.73
ND,Burke,5.2,-0.55
ND,Burleigh,5.6,0.19
ND,Cass,6.8,2.42
ND,Cavalier,5.9,0.75
ND,Dickey,5.7,0.38
ND,Divide,5.8,0.56
ND,Dunn,4.4,-2.03
ND,Eddy,5.3,-0.36
ND,Emmons,5,-0.92
ND,Foster,5.3,-0.36
ND,Golden Valley,5.2,NR
ND,Grand Forks,6.9,2.6
ND,Grant,4.6,-1.66
ND,Griggs,5.4,-0.18
ND,Hettinger,4.9,-1.11
ND,Kidder,4.9,-1.11
ND,LaMoure,5.5,0.01
ND,Logan,5.1,-0.73
ND,McHenry,5.2,-0.55
ND,McIntosh,5.3,-0.36
ND,McKenzie,5.3,-0.36
ND,McLean,4.9,-1.11
ND,Mercer,5.1,-0.73
ND,Morton,5.4,-0.18
ND,Mountrail,5,-0.92
ND,Nelson,5.5,0.01
ND,Oliver,4.8,NR
ND,Pembina,6.6,2.05
ND,Pierce,5.4,-0.18
ND,Ramsey,5.6,0.19
ND,Ransom,5.8,0.56
ND,Renville,5.2,-0.55
ND,Richland,6.4,1.68
ND,Rolette,5.8,0.56
ND,Sargent,5.8,0.56
ND,Sheridan,4.7,NR
ND,Sioux,5.1,-0.73
ND,Slope,5,NR
ND,Stark,5.2,-0.55
ND,Steele,5.6,0.19
ND,Stutsman,5.5,0.01
ND,Towner,5.6,0.19
ND,Traill,6.2,1.31
ND,Walsh,6.5,1.86
ND,Ward,5.4,-0.18
ND,Wells,5.1,-0.73
ND,Williams,6.1,1.12
OH,Adams,10.4,-1.72
OH,Allen,12.2,1.13
OH,Ashland,11.3,-0.3
OH,Ashtabula,11,-0.77
OH,Athens,10.5,-1.57
OH,Auglaize,12.4,1.45
OH,Belmont,11.2,-0.46
OH,Brown,11,-0.77
OH,Butler,13,2.4
OH,Carroll,11.3,-0.3
OH,Champaign,11.7,0.34
OH,Clark,11.6,0.18
OH,Clermont,12,0.81
OH,Clinton,11.3,-0.3
OH,Columbiana,11.5,0.02
OH,Coshocton,11.3,-0.3
OH,Crawford,11.4,-0.14
OH,Cuyahoga,13.2,2.72
OH,Darke,12.2,1.13
OH,Defiance,12.2,1.13
OH,Delaware,11.9,0.65
OH,Erie,11.1,-0.61
OH,Fairfield,11.6,0.18
OH,Fayette,11.1,-0.61
OH,Franklin,12.1,0.97
OH,Fulton,11.6,0.18
OH,Gallia,10.4,-1.72
OH,Geauga,11.6,0.18
OH,Greene,11.5,0.02
OH,Guernsey,11.2,-0.46
OH,Hamilton,13.1,2.56
OH,Hancock,11.7,0.34
OH,Hardin,11.7,0.34
OH,Harrison,11.1,-0.61
OH,Henry,11.8,0.5
OH,Highland,10.9,-0.93
OH,Hocking,10.7,-1.25
OH,Holmes,11.5,0.02
OH,Huron,11.2,-0.46
OH,Jackson,10.4,-1.72
OH,Jefferson,11.5,0.02
OH,Knox,11.2,-0.46
OH,Lake,11,-0.77
OH,Lawrence,10,-2.36
OH,Licking,11.7,0.34
OH,Logan,11.7,0.34
OH,Lorain,11.2,-0.46
OH,Lucas,11.9,0.65
OH,Madison,11.7,0.34
OH,Mahoning,11.4,-0.14
OH,Marion,11.6,0.18
OH,Medina,11.2,-0.46
OH,Meigs,10.5,-1.57
OH,Mercer,12.5,1.61
OH,Miami,12.2,1.13
OH,Monroe,10.8,-1.09
OH,Montgomery,12,0.81
OH,Morgan,10.8,-1.09
OH,Morrow,11.3,-0.3
OH,Muskingum,11.3,-0.3
OH,Noble,10.9,-0.93
OH,Ottawa,11.4,-0.14
OH,Paulding,12.2,1.13
OH,Perry,11,-0.77
OH,Pickaway,11.5,0.02
OH,Pike,10.5,-1.57
OH,Portage,11.5,0.02
OH,Preble,11.4,-0.14
OH,Putnam,12.1,0.97
OH,Richland,11.3,-0.3
OH,Ross,10.9,-0.93
OH,Sandusky,11.5,0.02
OH,Scioto,10.2,-2.04
OH,Seneca,11.5,0.02
OH,Shelby,12.2,1.13
OH,Stark,12.2,1.13
OH,Summit,12.1,0.97
OH,Trumbull,11.2,-0.46
OH,Tuscarawas,11.6,0.18
OH,Union,11.8,0.5
OH,Van Wert,12.4,1.45
OH,Vinton,10.4,-1.72
OH,Warren,12.4,1.45
OH,Washington,11,-0.77
OH,Wayne,12,0.81
OH,Williams,11.8,0.5
OH,Wood,11.9,0.65
OH,Wyandot,11.6,0.18
OK,Adair,9.8,0.71
OK,Alfalfa,8.4,-0.73
OK,Atoka,9.5,0.4
OK,Beaver,7,-2.18
OK,Beckham,7.8,-1.35
OK,Blaine,8.4,-0.73
OK,Bryan,9.9,0.81
OK,Caddo,8.9,-0.22
OK,Canadian,9.7,0.61
OK,Carter,9.5,0.4
OK,Cherokee,10,0.92
OK,Choctaw,9.6,0.5
OK,Cimarron,5.6,-3
OK,Cleveland,10.1,1.02
OK,Coal,9.3,0.19
OK,Comanche,8.9,-0.22
OK,Cotton,8.6,-0.53
OK,Craig,9.8,0.71
OK,Creek,9.8,0.71
OK,Custer,8.2,-0.94
OK,Delaware,10,0.92
OK,Dewey,7.7,-1.46
OK,Ellis,7.2,-1.97
OK,Garfield,9.2,0.09
OK,Garvin,9.5,0.4
OK,Grady,9.6,0.5
OK,Grant,8.8,-0.32
OK,Greer,7.8,-1.35
OK,Harmon,7.8,-1.35
OK,Harper,7.4,-1.77
OK,Haskell,9.9,0.81
OK,Hughes,9.4,0.3
OK,Jackson,8.2,-0.94
OK,Jefferson,8.9,-0.22
OK,Johnston,9.4,0.3
OK,Kay,9.4,0.3
OK,Kingfisher,9,-0.12
OK,Kiowa,8.2,-0.94
OK,Latimer,9.3,0.19
OK,Le Flore,10.5,1.43
OK,Lincoln,9.4,0.3
OK,Logan,9.4,0.3
OK,Love,9.3,0.19
OK,Major,8.3,-0.84
OK,Marshall,9.6,0.5
OK,Mayes,10.2,1.12
OK,McClain,9.8,0.71
OK,McCurtain,9.9,0.81
OK,McIntosh,9.7,0.61
OK,Murray,9.3,0.19
OK,Muskogee,10.2,1.12
OK,Noble,9.2,0.09
OK,Nowata,9.9,0.81
OK,Okfuskee,9.4,0.3
OK,Oklahoma,10,0.92
OK,Okmulgee,9.7,0.61
OK,Osage,10.2,1.12
OK,Ottawa,9.9,0.81
OK,Pawnee,9.4,0.3
OK,Payne,9.5,0.4
OK,Pittsburg,9.5,0.4
OK,Pontotoc,9.5,0.4
OK,Pottawatomie,9.5,0.4
OK,Pushmataha,9.4,0.3
OK,Roger Mills,7.2,-1.97
OK,Rogers,10.5,1.43
OK,Seminole,9.4,0.3
OK,Sequoyah,10.2,1.12
OK,Stephens,9.1,-0.01
OK,Texas,7.2,-1.97
OK,Tillman,8.4,-0.73
OK,Tulsa,9.3,0.19
OK,Wagoner,10.5,1.43
OK,Washington,10,0.92
OK,Washita,8.2,-0.94
OK,Woods,7.9,-1.25
OK,Woodward,7.5,-1.66
OR,Baker,6.8,-0.9
OR,Benton,8.3,0.54
OR,Clackamas,9.2,1.4
OR,Clatsop,6.3,-1.37
OR,Columbia,7.3,-0.42
OR,Coos,8,0.25
OR,Crook,7.8,0.06
OR,Curry,8,0.25
OR,Deschutes,8.3,0.54
OR,Douglas,8.8,1.02
OR,Gilliam,7,-0.7
OR,Grant,6,-1.66
OR,Harney,6.6,-1.09
OR,Hood River,6.1,-1.57
OR,Jackson,8.6,0.83
OR,Jefferson,7.6,-0.13
OR,Josephine,7.9,0.16
OR,Klamath,7.7,-0.03
OR,Lake,6.5,-1.18
OR,Lane,9.9,2.08
OR,Lincoln,7.1,-0.61
OR,Linn,8.8,1.02
OR,Malheur,9,1.21
OR,Marion,9.1,1.31
OR,Morrow,7.9,0.16
OR,Multnomah,8.4,0.64
OR,Polk,8.5,0.73
OR,Sherman,6.7,-0.99
OR,Tillamook,6.4,-1.28
OR,Umatilla,8.8,1.02
OR,Union,6.4,-1.28
OR,Wallowa,6.7,-0.99
OR,Wasco,6.9,-0.8
OR,Washington,8.8,1.02
OR,Wheeler,5.8,NR
OR,Yamhill,8.5,0.73
PA,Adams,10.6,0.14
PA,Allegheny,13.3,2.91
PA,Armstrong,11.9,1.48
PA,Beaver,11,0.55
PA,Bedford,10.6,0.14
PA,Berks,10,-0.47
PA,Blair,11.2,0.76
PA,Bradford,9,-1.5
PA,Bucks,10.1,-0.37
PA,Butler,11.9,1.48
PA,Cambria,11.6,1.17
PA,Cameron,8.9,-1.6
PA,Carbon,10.2,-0.27
PA,Centre,8.9,-1.6
PA,Chester,10.4,-0.06
PA,Clarion,10.9,0.45
PA,Clearfield,10.8,0.35
PA,Clinton,9.7,-0.78
PA,Columbia,10.5,0.04
PA,Crawford,10.9,0.45
PA,Cumberland,9.8,-0.68
PA,Dauphin,10.7,0.25
PA,Delaware,11.9,1.48
PA,Elk,9.8,-0.68
PA,Erie,10.9,0.45
PA,Fayette,11.5,1.07
PA,Forest,9.8,-0.68
PA,Franklin,10.4,-0.06
PA,Fulton,9.9,-0.57
PA,Greene,11,0.55
PA,Huntingdon,10.8,0.35
PA,Indiana,11.7,1.27
PA,Jefferson,10.8,0.35
PA,Juniata,10.9,0.45
PA,Lackawanna,9.9,-0.57
PA,Lancaster,11.2,0.76
PA,Lawrence,11.4,0.96
PA,Lebanon,12.9,2.5
PA,Lehigh,11.2,0.76
PA,Luzerne,10.3,-0.16
PA,Lycoming,10.1,-0.37
PA,McKean,9.3,-1.19
PA,Mercer,9.9,-0.57
PA,Mifflin,10.5,0.04
PA,Monroe,9.9,-0.57
PA,Montgomery,9.2,-1.29
PA,Montour,10.6,0.14
PA,Northampton,10,-0.47
PA,Northumberland,11.2,0.76
PA,Perry,11.4,0.96
PA,Philadelphia,11.2,0.76
PA,Pike,9,-1.5
PA,Potter,8.6,-1.91
PA,Schuylkill,11.5,1.07
PA,Snyder,11,0.55
PA,Somerset,10.7,0.25
PA,Sullivan,8.9,-1.6
PA,Susquehanna,9.2,-1.29
PA,Tioga,8.5,-2.01
PA,Union,10.7,0.25
PA,Venango,10.8,0.35
PA,Warren,9.9,-0.57
PA,Washington,10.3,-0.16
PA,Wayne,9.2,-1.29
PA,Westmoreland,9.8,-0.68
PA,Wyoming,9.5,-0.98
PA,York,10.7,0.25
RI,Bristol,6.8,0.09
RI,Kent,6.6,-0.36
RI,Newport,6.5,-0.59
RI,Providence,7.5,1.68
RI,Washington,6.4,-0.82
SC,Abbeville,10.4,0.49
SC,Aiken,11.3,2.65
SC,Allendale,10.2,0.01
SC,Anderson,11,1.93
SC,Bamberg,10.2,0.01
SC,Barnwell,10.4,0.49
SC,Beaufort,10.1,-0.23
SC,Berkeley,9.9,-0.71
SC,Calhoun,10.2,0.01
SC,Charleston,8.9,-3.12
SC,Cherokee,10.5,0.73
SC,Chester,10.3,0.25
SC,Chesterfield,10,-0.47
SC,Clarendon,10.1,-0.23
SC,Colleton,10,-0.47
SC,Darlington,10.3,0.25
SC,Dillon,10.1,-0.23
SC,Dorchester,10,-0.47
SC,Edgefield,10.3,0.25
SC,Fairfield,10.1,-0.23
SC,Florence,10.2,0.01
SC,Georgetown,9.4,-1.92
SC,Greenville,9.5,-1.68
SC,Greenwood,10.5,0.73
SC,Hampton,10.2,0.01
SC,Horry,9.8,-0.95
SC,Jasper,10.2,0.01
SC,Kershaw,10.3,0.25
SC,Lancaster,10.8,1.45
SC,Laurens,10.6,0.97
SC,Lee,10.2,0.01
SC,Lexington,10,-0.47
SC,Marion,9.9,-0.71
SC,Marlboro,10.3,0.25
SC,McCormick,10.5,0.73
SC,Newberry,10.2,0.01
SC,Oconee,10.2,0.01
SC,Orangeburg,10.5,0.73
SC,Pickens,10.4,0.49
SC,Richland,9.8,-0.95
SC,Saluda,10.3,0.25
SC,Spartanburg,9.5,-1.68
SC,Sumter,10.5,0.73
SC,Union,10.2,0.01
SC,Williamsburg,9.8,-0.95
SC,York,11,1.93
SD,Aurora,6.2,0.26
SD,Beadle,6.2,0.26
SD,Bennett,4.8,-1.07
SD,Bon Homme,7.3,1.3
SD,Brookings,6.9,0.92
SD,Brown,5.9,-0.02
SD,Brule,6,0.07
SD,Buffalo,5.8,-0.12
SD,Butte,5.1,-0.78
SD,Campbell,5.2,-0.69
SD,Charles Mix,6.8,0.83
SD,Clark,5.6,-0.31
SD,Clay,8.2,2.16
SD,Codington,5.4,-0.5
SD,Corson,5.1,-0.78
SD,Custer,3.8,-2.01
SD,Davison,6.8,0.83
SD,Day,5.5,-0.4
SD,Deuel,5.7,-0.21
SD,Dewey,5.1,-0.78
SD,Douglas,6.5,NR
SD,Edmunds,5.7,-0.21
SD,Fall River,3.7,-2.11
SD,Faulk,5.5,-0.4
SD,Grant,5.5,-0.4
SD,Gregory,6,0.07
SD,Haakon,4.9,-0.97
SD,Hamlin,5.7,-0.21
SD,Hand,5.7,-0.21
SD,Hanson,6.8,0.83
SD,Harding,4.9,NR
SD,Hughes,5.6,-0.31
SD,Hutchinson,7.3,1.3
SD,Hyde,5.6,NR
SD,Jackson,4.8,-1.07
SD,Jerauld,6.1,0.17
SD,Jones,5.2,NR
SD,Kingsbury,6.2,0.26
SD,Lake,6.9,0.92
SD,Lawrence,5,-0.88
SD,Lincoln,8.3,2.25
SD,Lyman,5.6,-0.31
SD,Marshall,5.4,-0.5
SD,McCook,7.2,1.21
SD,McPherson,5.3,-0.59
SD,Meade,5.5,-0.4
SD,Mellette,5,-0.88
SD,Miner,6.5,0.55
SD,Minnehaha,8,1.97
SD,Moody,7.1,1.11
SD,Oglala Lakota,4.5,-1.35
SD,Pennington,5.5,-0.4
SD,Perkins,4.9,-0.97
SD,Potter,5.4,-0.5
SD,Roberts,5.8,-0.12
SD,Sanborn,6.3,0.36
SD,Spink,5.9,-0.02
SD,Stanley,5.2,-0.69
SD,Sully,5.4,NR
SD,Todd,5.2,-0.69
SD,Tripp,5.5,-0.4
SD,Turner,7.7,1.68
SD,Union,8.7,2.63
SD,Walworth,5.4,-0.5
SD,Yankton,7.8,1.78
SD,Ziebach,4.9,-0.97
TN,Anderson,10.3,0.55
TN,Bedford,10.5,0.95
TN,Benton,10,-0.06
TN,Bledsoe,9.4,-1.26
TN,Blount,10.1,0.15
TN,Bradley,10.7,1.35
TN,Campbell,9.7,-0.66
TN,Cannon,9.7,-0.66
TN,Carroll,10.2,0.35
TN,Carter,9.4,-1.26
TN,Cheatham,10.6,1.15
TN,Chester,9.7,-0.66
TN,Claiborne,10,-0.06
TN,Clay,9.9,-0.26
TN,Cocke,9.6,-0.86
TN,Coffee,10.2,0.35
TN,Crockett,10.1,0.15
TN,Cumberland,9.3,-1.46
TN,Davidson,10.6,1.15
TN,Decatur,9.7,-0.66
TN,DeKalb,9.7,-0.66
TN,Dickson,10.2,0.35
TN,Dyer,10.2,0.35
TN,Fayette,10,-0.06
TN,Fentress,9.1,-1.87
TN,Franklin,10.2,0.35
TN,Gibson,10.4,0.75
TN,Giles,10.6,1.15
TN,Grainger,10.3,0.55
TN,Greene,10,-0.06
TN,Grundy,9.6,-0.86
TN,Hamblen,10.3,0.55
TN,Hamilton,10.9,1.76
TN,Hancock,9.7,-0.66
TN,Hardeman,9.7,-0.66
TN,Hardin,9.8,-0.46
TN,Hawkins,10.4,0.75
TN,Haywood,10,-0.06
TN,Henderson,9.9,-0.26
TN,Henry,10.4,0.75
TN,Hickman,9.8,-0.46
TN,Houston,10,-0.06
TN,Humphreys,10,-0.06
TN,Jackson,9.8,-0.46
TN,Jefferson,10.3,0.55
TN,Johnson,8.6,-2.87
TN,Knox,10.5,0.95
TN,Lake,10.7,1.35
TN,Lauderdale,10.2,0.35
TN,Lawrence,9.9,-0.26
TN,Lewis,9.5,-1.06
TN,Lincoln,10.6,1.15
TN,Loudon,10.6,1.15
TN,Macon,10.3,0.55
TN,Madison,10,-0.06
TN,Marion,10.2,0.35
TN,Marshall,10.4,0.75
TN,Maury,10,-0.06
TN,McMinn,10.3,0.55
TN,McNairy,9.9,-0.26
TN,Meigs,10.2,0.35
TN,Monroe,10.7,1.35
TN,Montgomery,9.6,-0.86
TN,Moore,10.2,0.35
TN,Morgan,9.4,-1.26
TN,Obion,10.9,1.76
TN,Overton,9.5,-1.06
TN,Perry,9.5,-1.06
TN,Pickett,9.2,-1.67
TN,Polk,9.7,-0.66
TN,Putnam,9.6,-0.86
TN,Rhea,9.8,-0.46
TN,Roane,10,-0.06
TN,Robertson,10.9,1.76
TN,Rutherford,11.2,2.36
TN,Scott,9.3,-1.46
TN,Sequatchie,9.7,-0.66
TN,Sevier,10.1,0.15
TN,Shelby,9.5,-1.06
TN,Smith,10,-0.06
TN,Stewart,10.3,0.55
TN,Sullivan,10.2,0.35
TN,Sumner,10.8,1.55
TN,Tipton,10.1,0.15
TN,Trousdale,10.1,0.15
TN,Unicoi,8.8,-2.47
TN,Union,10,-0.06
TN,Van Buren,9.2,-1.67
TN,Warren,9.6,-0.86
TN,Washington,9.9,-0.26
TN,Wayne,9.7,-0.66
TN,Weakley,10.6,1.15
TN,White,9.5,-1.06
TN,Williamson,11,1.96
TN,Wilson,11.1,2.16
TX,Anderson,9.9,0.87
TX,Andrews,7.3,-1.07
TX,Angelina,9.8,0.8
TX,Aransas,9.3,0.42
TX,Archer,8.5,-0.17
TX,Armstrong,6.8,-1.44
TX,Atascosa,9.6,0.65
TX,Austin,10.2,1.1
TX,Bailey,6.8,-1.44
TX,Bandera,8.9,0.12
TX,Bastrop,10.1,1.02
TX,Baylor,7.8,-0.7
TX,Bee,9.4,0.5
TX,Bell,10.1,1.02
TX,Bexar,10.4,1.25
TX,Blanco,8.9,0.12
TX,Borden,7.1,NR
TX,Bosque,9.5,0.57
TX,Bowie,10,0.95
TX,Brazoria,11.4,1.99
TX,Brazos,10.1,1.02
TX,Brewster,6.3,-1.82
TX,Briscoe,6.9,-1.37
TX,Brooks,8.6,-0.1
TX,Brown,8.3,-0.32
TX,Burleson,9.8,0.8
TX,Burnet,9.1,0.27
TX,Caldwell,10.1,1.02
TX,Calhoun,9.4,0.5
TX,Callahan,7.9,-0.62
TX,Cameron,9.3,0.42
TX,Camp,9.9,0.87
TX,Carson,7,-1.29
TX,Cass,9.9,0.87
TX,Castro,7.3,-1.07
TX,Chambers,9.9,0.87
TX,Cherokee,10,0.95
TX,Childress,7.5,-0.92
TX,Clay,8.6,-0.1
TX,Cochran,6.8,-1.44
TX,Coke,7.5,-0.92
TX,Coleman,7.8,-0.7
TX,Collin,10.9,1.62
TX,Collingsworth,7.3,-1.07
TX,Colorado,9.7,0.72
TX,Comal,10.2,1.1
TX,Comanche,8.4,-0.25
TX,Concho,7.5,-0.92
TX,Cooke,9.8,0.8
TX,Coryell,9.5,0.57
TX,Cottle,7.2,-1.14
TX,Crane,7.1,-1.22
TX,Crockett,7.3,-1.07
TX,Crosby,7.6,-0.85
TX,Culberson,5.9,-2.12
TX,Dallam,6,-2.04
TX,Dallas,10,0.95
TX,Dawson,7.3,-1.07
TX,Deaf Smith,7,-1.29
TX,Delta,9.8,0.8
TX,Denton,10.9,1.62
TX,DeWitt,9.6,0.65
TX,Dickens,7.1,-1.22
TX,Dimmit,8.1,-0.47
TX,Donley,7,-1.29
TX,Duval,8.5,-0.17
TX,Eastland,8.3,-0.32
TX,Ector,7.8,-0.7
TX,Edwards,7.3,-1.07
TX,El Paso,9.5,0.57
TX,Ellis,10.5,1.32
TX,Erath,8.8,0.05
TX,Falls,10,0.95
TX,Fannin,10,0.95
TX,Fayette,9.6,0.65
TX,Fisher,7.6,-0.85
TX,Floyd,7.3,-1.07
TX,Foard,7.5,-0.92
TX,Fort Bend,11.7,2.22
TX,Franklin,9.9,0.87
TX,Freestone,10,0.95
TX,Frio,8.7,-0.02
TX,Gaines,7.4,-1
TX,Galveston,10.3,1.17
TX,Garza,7.1,-1.22
TX,Gillespie,8.4,-0.25
TX,Glasscock,7.2,NR
TX,Goliad,9.3,0.42
TX,Gonzales,9.7,0.72
TX,Gray,7.1,-1.22
TX,Grayson,10.2,1.1
TX,Gregg,10.2,1.1
TX,Grimes,10.2,1.1
TX,Guadalupe,10.4,1.25
TX,Hale,7.6,-0.85
TX,Hall,7,-1.29
TX,Hamilton,8.6,-0.1
TX,Hansford,7.1,-1.22
TX,Hardeman,7.6,-0.85
TX,Hardin,9.6,0.65
TX,Harris,12,2.44
TX,Harrison,10,0.95
TX,Hartley,5.9,-2.12
TX,Haskell,7.8,-0.7
TX,Hays,10.3,1.17
TX,Hemphill,6.9,-1.37
TX,Henderson,10.4,1.25
TX,Hidalgo,9.4,0.5
TX,Hill,10.1,1.02
TX,Hockley,7.5,-0.92
TX,Hood,9.6,0.65
TX,Hopkins,10.1,1.02
TX,Houston,9.8,0.8
TX,Howard,7.5,-0.92
TX,Hudspeth,6.1,-1.97
TX,Hunt,10.4,1.25
TX,Hutchinson,7.1,-1.22
TX,Irion,7.3,NR
TX,Jack,8.6,-0.1
TX,Jackson,9.5,0.57
TX,Jasper,9.5,0.57
TX,Jeff Davis,5.6,-2.34
TX,Jefferson,10,0.95
TX,Jim Hogg,8.1,-0.47
TX,Jim Wells,9.1,0.27
TX,Johnson,10.5,1.32
TX,Jones,8.1,-0.47
TX,Karnes,9.4,0.5
TX,Kaufman,10.6,1.39
TX,Kendall,9.2,0.35
TX,Kenedy,8.4,NR
TX,Kent,7.1,NR
TX,Kerr,8.5,-0.17
TX,Kimble,7.5,-0.92
TX,King,7.2,NR
TX,Kinney,7.6,-0.85
TX,Kleberg,9.1,0.27
TX,Knox,7.8,-0.7
TX,La Salle,8.2,-0.4
TX,Lamar,9.9,0.87
TX,Lamb,7.5,-0.92
TX,Lampasas,9,0.2
TX,Lavaca,9.6,0.65
TX,Lee,9.7,0.72
TX,Leon,9.7,0.72
TX,Liberty,10.3,1.17
TX,Limestone,9.9,0.87
TX,Lipscomb,7,-1.29
TX,Live Oak,9.2,0.35
TX,Llano,8.8,0.05
TX,Loving,6.6,NR
TX,Lubbock,8.2,-0.4
TX,Lynn,7.4,-1
TX,Madison,9.8,0.8
TX,Marion,9.9,0.87
TX,Martin,7.5,-0.92
TX,Mason,7.8,-0.7
TX,Matagorda,9.8,0.8
TX,Maverick,8.2,-0.4
TX,McCulloch,7.8,-0.7
TX,McLennan,10.4,1.25
TX,McMullen,8.5,NR
TX,Medina,9.4,0.5
TX,Menard,7.4,-1
TX,Midland,7.9,-0.62
TX,Milam,9.9,0.87
TX,Mills,8.2,-0.4
TX,Mitchell,7.4,-1
TX,Montague,9.1,0.27
TX,Montgomery,11.4,1.99
TX,Moore,6.9,-1.37
TX,Morris,9.8,0.8
TX,Motley,7,-1.29
TX,Nacogdoches,9.9,0.87
TX,Navarro,10.2,1.1
TX,Newton,9.5,0.57
TX,Nolan,7.6,-0.85
TX,Nueces,9.9,0.87
TX,Ochiltree,7.1,-1.22
TX,Oldham,6.1,-1.97
TX,Orange,9.8,0.8
TX,Palo Pinto,9.1,0.27
TX,Panola,10,0.95
TX,Parker,10,0.95
TX,Parmer,7,-1.29
TX,Pecos,7,-1.29
TX,Polk,9.9,0.87
TX,Potter,7.5,-0.92
TX,Presidio,5.9,-2.12
TX,Rains,10,0.95
TX,Randall,7.5,-0.92
TX,Reagan,7.2,-1.14
TX,Real,7.5,-0.92
TX,Red River,9.8,0.8
TX,Reeves,6.7,-1.52
TX,Refugio,9.3,0.42
TX,Roberts,6.8,NR
TX,Robertson,9.8,0.8
TX,Rockwall,10.5,1.32
TX,Runnels,7.8,-0.7
TX,Rusk,10.2,1.1
TX,Sabine,9.2,0.35
TX,San Augustine,9.3,0.42
TX,San Jacinto,10,0.95
TX,San Patricio,9.7,0.72
TX,San Saba,8.1,-0.47
TX,Schleicher,7.3,-1.07
TX,Scurry,7.5,-0.92
TX,Shackelford,7.7,-0.77
TX,Shelby,9.8,0.8
TX,Sherman,6.5,-1.67
TX,Smith,10.3,1.17
TX,Somervell,9.1,0.27
TX,Starr,8.6,-0.1
TX,Stephens,8,-0.55
TX,Sterling,7.2,NR
TX,Stonewall,7.4,-1
TX,Sutton,7.3,-1.07
TX,Swisher,7.3,-1.07
TX,Tarrant,10.6,1.39
TX,Taylor,8.2,-0.4
TX,Terrell,7.2,-1.14
TX,Terry,7.3,-1.07
TX,Throckmorton,7.7,-0.77
TX,Titus,10,0.95
TX,Tom Green,8,-0.55
TX,Travis,10.5,1.32
TX,Trinity,9.8,0.8
TX,Tyler,9.3,0.42
TX,Upshur,10.1,1.02
TX,Upton,7.3,-1.07
TX,Uvalde,8.2,-0.4
TX,Val Verde,8.1,-0.47
TX,Van Zandt,10.3,1.17
TX,Victoria,9.9,0.87
TX,Walker,10.1,1.02
TX,Waller,10.8,1.54
TX,Ward,7.1,-1.22
TX,Washington,9.9,0.87
TX,Webb,8.4,-0.25
TX,Wharton,10,0.95
TX,Wheeler,7.2,-1.14
TX,Wichita,8.8,0.05
TX,Wilbarger,8,-0.55
TX,Willacy,8.8,0.05
TX,Williamson,10.4,1.25
TX,Wilson,9.9,0.87
TX,Winkler,7,-1.29
TX,Wise,9.9,0.87
TX,Wood,10.1,1.02
TX,Yoakum,7.3,-1.07
TX,Young,8.2,-0.4
TX,Zapata,7.9,-0.62
TX,Zavala,8.3,-0.32
UT,Beaver,4.7,-1.07
UT,Box Elder,7.3,1.05
UT,Cache,7.2,0.97
UT,Carbon,5.7,-0.25
UT,Daggett,4.4,NR
UT,Davis,8.4,1.95
UT,Duchesne,6.2,0.16
UT,Emery,5.5,-0.41
UT,Garfield,4.5,-1.23
UT,Grand,5.4,-0.5
UT,Iron,4.8,-0.98
UT,Juab,5.7,-0.25
UT,Kane,4.4,-1.31
UT,Millard,5.6,-0.33
UT,Morgan,7.1,0.89
UT,Piute,4.4,-1.31
UT,Rich,5.5,-0.41
UT,Salt Lake,8.4,1.95
UT,San Juan,5.3,-0.58
UT,Sanpete,5.4,-0.5
UT,Sevier,5,-0.82
UT,Summit,6.8,0.65
UT,Tooele,6.8,0.65
UT,Uintah,6.5,0.4
UT,Utah,7.7,1.38
UT,Wasatch,6.2,0.16
UT,Washington,5,-0.82
UT,Wayne,4.7,-1.07
UT,Weber,8,1.63
VT,Addison,6.9,0.15
VT,Bennington,7.7,0.97
VT,Caledonia,5.9,-0.87
VT,Chittenden,6.5,-0.26
VT,Essex,5.8,-0.97
VT,Franklin,6.4,-0.36
VT,Grand Isle,6.5,-0.26
VT,Lamoille,5.4,-1.38
VT,Orange,6.6,-0.15
VT,Orleans,6,-0.77
VT,Rutland,8.6,1.89
VT,Washington,6.1,-0.66
VT,Windham,8.2,1.48
VT,Windsor,7.9,1.17
VA,Accomack,8.7,-0.59
VA,Albemarle,8.5,-1.06
VA,Alexandria City,9.7,1.75
VA,Alleghany,8.7,-0.59
VA,Amelia,8.9,-0.12
VA,Amherst,9.1,0.35
VA,Appomattox,9,0.11
VA,Arlington,9.7,1.75
VA,Augusta,8.9,-0.12
VA,Bath,8,-2.23
VA,Bedford,9.2,0.58
VA,Bland,8.6,-0.82
VA,Botetourt,9,0.11
VA,Bristol City,9.4,1.05
VA,Brunswick,9.3,0.82
VA,Buchanan,9.5,1.28
VA,Buckingham,8.8,-0.35
VA,Buena Vista City,8.4,-1.29
VA,Campbell,9.5,1.28
VA,Caroline,8.9,-0.12
VA,Carroll,9,0.11
VA,Charles City,8.7,-0.59
VA,Charlotte,9.3,0.82
VA,Charlottesville City,8.7,-0.59
VA,Chesapeake City,9,0.11
VA,Chesterfield,9.3,0.82
VA,Clarke,9,0.11
VA,Colonial Heights City,9.2,0.58
VA,Covington City,8.5,-1.06
VA,Craig,8.4,-1.29
VA,Culpeper,8.8,-0.35
VA,Cumberland,8.7,-0.59
VA,Danville City,10,2.46
VA,Dickenson,9.4,1.05
VA,Dinwiddie,9.3,0.82
VA,Emporia City,9.2,0.58
VA,Essex,8.5,-1.06
VA,Fairfax,8.3,-1.52
VA,Fairfax City,9.5,1.28
VA,Falls Church City,9.7,1.75
VA,Fauquier,9.1,0.35
VA,Floyd,8.7,-0.59
VA,Fluvanna,8.7,-0.59
VA,Franklin,9.4,1.05
VA,Franklin City,8.8,-0.35
VA,Frederick,9.1,0.35
VA,Fredericksburg City,8.8,-0.35
VA,Galax City,8.6,-0.82
VA,Giles,8.8,-0.35
VA,Gloucester,8.7,-0.59
VA,Goochland,9,0.11
VA,Grayson,8.7,-0.59
VA,Greene,8.5,-1.06
VA,Greensville,9.3,0.82
VA,Halifax,9.9,2.22
VA,Hampton City,8.7,-0.59
VA,Hanover,9.2,0.58
VA,Harrisonburg City,8.8,-0.35
VA,Henrico,8.5,-1.06
VA,Henry,9.7,1.75
VA,Highland,7.7,-2.93
VA,Hopewell City,9.2,0.58
VA,Isle of Wight,9,0.11
VA,James City,8.8,-0.35
VA,King and Queen,8.6,-0.82
VA,King George,8.8,-0.35
VA,King William,8.8,-0.35
VA,Lancaster,8.5,-1.06
VA,Lee,9.8,1.99
VA,Lexington City,8.4,-1.29
VA,Loudoun,9.6,1.52
VA,Louisa,8.8,-0.35
VA,Lunenburg,9.2,0.58
VA,Lynchburg City,9.1,0.35
VA,Madison,8.4,-1.29
VA,Manassas City,9.2,0.58
VA,Manassas Park City,9.2,0.58
VA,Martinsville City,9.5,1.28
VA,Mathews,8.4,-1.29
VA,Mecklenburg,9.7,1.75
VA,Middlesex,8.6,-0.82
VA,Montgomery,9,0.11
VA,Nelson,8.5,-1.06
VA,New Kent,8.8,-0.35
VA,Newport News City,9,0.11
VA,Norfolk City,8.8,-0.35
VA,Northampton,8.4,-1.29
VA,Northumberland,8.6,-0.82
VA,Norton City,9.1,0.35
VA,Nottoway,9,0.11
VA,Orange,8.8,-0.35
VA,Page,8.4,-1.29
VA,Patrick,9.1,0.35
VA,Petersburg City,9.2,0.58
VA,Pittsylvania,10.1,2.69
VA,Poquoson City,8.7,-0.59
VA,Portsmouth City,9,0.11
VA,Powhatan,9,0.11
VA,Prince Edward,9,0.11
VA,Prince George,9.2,0.58
VA,Prince William,9.5,1.28
VA,Pulaski,9,0.11
VA,Radford City,8.9,-0.12
VA,Rappahannock,8.3,-1.52
VA,Richmond,8.4,-1.29
VA,Richmond City,9.3,0.82
VA,Roanoke,8.1,-1.99
VA,Roanoke City,9,0.11
VA,Rockbridge,8.6,-0.82
VA,Rockingham,8.9,-0.12
VA,Russell,9.4,1.05
VA,Salem City,8.8,-0.35
VA,Scott,10.1,2.69
VA,Shenandoah,8.8,-0.35
VA,Smyth,8.8,-0.35
VA,Southampton,9.1,0.35
VA,Spotsylvania,9,0.11
VA,Stafford,9.1,0.35
VA,Staunton City,8.6,-0.82
VA,Suffolk City,9.1,0.35
VA,Surry,8.6,-0.82
VA,Sussex,9.1,0.35
VA,Tazewell,9,0.11
VA,Virginia Beach City,8.2,-1.76
VA,Warren,8.7,-0.59
VA,Washington,9.5,1.28
VA,Waynesboro City,8.6,-0.82
VA,Westmoreland,8.7,-0.59
VA,Williamsburg City,8.7,-0.59
VA,Winchester City,9,0.11
VA,Wise,9.6,1.52
VA,Wythe,8.8,-0.35
VA,York,8.9,-0.12
WA,Adams,9.3,1.23
WA,Asotin,8.6,0.71
WA,Benton,9.2,1.16
WA,Chelan,6.9,-0.57
WA,Clallam,5.8,-1.39
WA,Clark,8.3,0.48
WA,Columbia,7.1,-0.42
WA,Cowlitz,6.9,-0.57
WA,Douglas,7.5,-0.12
WA,Ferry,6.5,-0.87
WA,Franklin,9.4,1.31
WA,Garfield,7.5,-0.12
WA,Grant,9.2,1.16
WA,Grays Harbor,6.1,-1.17
WA,Island,7.4,-0.19
WA,Jefferson,6.1,-1.17
WA,King,7.5,-0.12
WA,Kitsap,7,-0.49
WA,Kittitas,6.7,-0.72
WA,Klickitat,6.4,-0.94
WA,Lewis,6.8,-0.64
WA,Lincoln,8.8,0.86
WA,Mason,5.9,-1.32
WA,Okanogan,7.1,-0.42
WA,Pacific,6.2,-1.09
WA,Pend Oreille,9,1.01
WA,Pierce,7.1,-0.42
WA,San Juan,7.3,-0.27
WA,Skagit,7.5,-0.12
WA,Skamania,6.2,-1.09
WA,Snohomish,8.1,0.33
WA,Spokane,11.7,3.03
WA,Stevens,9,1.01
WA,Thurston,7.2,-0.34
WA,Wahkiakum,5.9,-1.32
WA,Walla Walla,8.5,0.63
WA,Whatcom,9.5,1.38
WA,Whitman,9.6,1.46
WA,Yakima,7.9,0.18
WV,Barbour,8.8,-0.88
WV,Berkeley,9.7,0.2
WV,Boone,9.9,0.44
WV,Braxton,9.1,-0.52
WV,Brooke,11.3,2.12
WV,Cabell,10.4,1.04
WV,Calhoun,9.7,0.2
WV,Clay,9.3,-0.28
WV,Doddridge,9.9,0.44
WV,Fayette,9.4,-0.16
WV,Gilmer,9.5,-0.04
WV,Grant,8.1,-1.72
WV,Greenbrier,8.7,-1
WV,Hampshire,8.6,-1.12
WV,Hancock,10.9,1.64
WV,Hardy,8.2,-1.6
WV,Harrison,9.6,0.08
WV,Jackson,10.3,0.92
WV,Jefferson,9.6,0.08
WV,Kanawha,10.4,1.04
WV,Lewis,9.4,-0.16
WV,Lincoln,10.1,0.68
WV,Logan,9.8,0.32
WV,Marion,10,0.56
WV,Marshall,10.9,1.64
WV,Mason,10.5,1.16
WV,McDowell,9.3,-0.28
WV,Mercer,8.9,-0.76
WV,Mineral,8.7,-1
WV,Mingo,9.8,0.32
WV,Monongalia,9.7,0.2
WV,Monroe,8.7,-1
WV,Morgan,9.2,-0.4
WV,Nicholas,9.1,-0.52
WV,Ohio,10.9,1.64
WV,Pendleton,7.9,-1.96
WV,Pleasants,10.3,0.92
WV,Pocahontas,8.1,-1.72
WV,Preston,9.1,-0.52
WV,Putnam,10.3,0.92
WV,Raleigh,9.2,-0.4
WV,Randolph,8.3,-1.48
WV,Ritchie,10.1,0.68
WV,Roane,9.8,0.32
WV,Summers,8.7,-1
WV,Taylor,9.4,-0.16
WV,Tucker,8.2,-1.6
WV,Tyler,10.4,1.04
WV,Upshur,8.9,-0.76
WV,Wayne,10.5,1.16
WV,Webster,8.4,-1.36
WV,Wetzel,10.5,1.16
WV,Wirt,9.9,0.44
WV,Wood,10.6,1.28
WV,Wyoming,9.3,-0.28
WI,Adams,8.8,0.15
WI,Ashland,6.3,-1.66
WI,Barron,7.2,-1.01
WI,Bayfield,6.2,-1.73
WI,Brown,9.1,0.37
WI,Buffalo,8.2,-0.29
WI,Burnett,6.7,-1.37
WI,Calumet,9.7,0.8
WI,Chippewa,7.9,-0.5
WI,Clark,7.9,-0.5
WI,Columbia,9.7,0.8
WI,Crawford,9,0.29
WI,Dane,9.4,0.58
WI,Dodge,9.7,0.8
WI,Door,8.3,-0.21
WI,Douglas,6.9,-1.23
WI,Dunn,7.8,-0.57
WI,Eau Claire,8,-0.43
WI,Florence,6.6,-1.44
WI,Fond du Lac,9.8,0.87
WI,Forest,6.8,-1.3
WI,Grant,9.5,0.66
WI,Green,10.2,1.16
WI,Green Lake,9.2,0.44
WI,Iowa,9.3,0.51
WI,Iron,6.3,-1.66
WI,Jackson,8.2,-0.29
WI,Jefferson,10.6,1.45
WI,Juneau,8.7,0.08
WI,Kenosha,11.2,1.88
WI,Kewaunee,8.8,0.15
WI,La Crosse,8.5,-0.07
WI,Lafayette,9.9,0.94
WI,Langlade,7.5,-0.79
WI,Lincoln,7.4,-0.86
WI,Manitowoc,9.5,0.66
WI,Marathon,8.2,-0.29
WI,Marinette,8.1,-0.36
WI,Marquette,9,0.29
WI,Menominee,8,-0.43
WI,Milwaukee,11.5,2.1
WI,Monroe,8.5,-0.07
WI,Oconto,8.6,0
WI,Oneida,7,-1.15
WI,Outagamie,8.7,0.08
WI,Ozaukee,10.5,1.38
WI,Pepin,7.9,-0.5
WI,Pierce,8.1,-0.36
WI,Polk,7.4,-0.86
WI,Portage,8.6,0
WI,Price,6.8,-1.3
WI,Racine,11.7,2.25
WI,Richland,8.8,0.15
WI,Rock,10.9,1.67
WI,Rusk,7,-1.15
WI,Sauk,9,0.29
WI,Sawyer,6.6,-1.44
WI,Shawano,8.6,0
WI,Sheboygan,9.8,0.87
WI,St. Croix,8.1,-0.36
WI,Taylor,7.3,-0.94
WI,Trempealeau,8.4,-0.14
WI,Vernon,8.7,0.08
WI,Vilas,6.5,-1.52
WI,Walworth,11.2,1.88
WI,Washburn,6.5,-1.52
WI,Washington,10.7,1.52
WI,Waukesha,11.3,1.96
WI,Waupaca,8.8,0.15
WI,Waushara,8.9,0.22
WI,Winnebago,9.8,0.87
WI,Wood,8.5,-0.07
WY,Albany,3.7,3.7
WY,Big Horn,5.4,5.4
WY,Campbell,5.8,5.8
WY,Carbon,3,3
WY,Converse,3.4,3.4
WY,Crook,4.9,4.9
WY,Fremont,5.4,5.4
WY,Goshen,4.5,4.5
WY,Hot Springs,4.2,4.2
WY,Johnson,4.2,4.2
WY,Laramie,4.6,4.6
WY,Lincoln,5.7,5.7
WY,Natrona,3.9,3.9
WY,Niobrara,3.3,3.3
WY,Park,5.3,5.3
WY,Platte,3.6,3.6
WY,Sheridan,5.7,5.7
WY,Sublette,5.1,5.1
WY,Sweetwater,5.1,5.1
WY,Teton,4.9,4.9
WY,Uinta,5.9,5.9
WY,Washakie,4.8,4.8
WY,Weston,4.1,4.1